SKU,item_group_id,item number,Item Name,Price,Specification,Description,Category,Stock,is it in stock,Is it flash-sale,Is it clearance,Is it best seller,Item Link,Image URL,Image2,Image3,Image4,Image5,Image6,Image7,Image8,is it pre-order
"AP2181","AP2181","24138670","180cm Life Size Human Skeleton Model with Rolling Stand","109.95","Box Qty:1(May vary by batch)Is Assembly Required: Yes Material: PVC (model body); Plastic wheel, iron-chrome bracket Net weight: 8 kg Overall dimension: 54 cm x 54 cm x 177 cm (L×W×H) Height including stand: 180 cm Package includes: 1 × Skeleton model 1 × Skeleton poster 1 × Dust cover","An ideal teaching tool and accessory to support your anatomical learning! Adding a colour poster as a reference supports professional medical studying and research. If you are looking for a human skeleton model like this, do not hesitate to place an order! High Anatomical Correctness with Poster: This human skeleton model uses vivid and clear details to describe and map the human skull, bone structure, sutura, vertebral artery, and nerves with high medical correctness. The anatomical model comes with a colourful poster to help you get the basic idea of human anatomy. Removable and Flexible Parts: The human skeleton has detachable arms & legs & head cap, 3 removable teeth, and a retractable jaw for further anatomical study. And the flexible joints allow you to make different postures on our human skeleton model if you free it from the stand. Realistic Life Size for Medical Research: Modeling 1:1 from a real human skeleton, our anatomical model is an ideal teaching tool and accessory and it is suitable for different occasions. This life size skeleton supports medical research, professional anatomical teaching and studying, as well as an amusing Halloween decoration. Stable Rolling Stand with Brakes: Fixing on a rolling iron-chrome stand with an upright position, this human skeleton is easy to move around between research rooms or classrooms. Equipped with 5 universal casters (2 with brakes), you can keep the stand stably in position. Premium Medical Quality: Constructed with high-quality PVC material, the skeleton model is capable of withstanding a great amount of using time. And the stand is made of rust-proof iron-chrome pipe to expand the lifespan for sure. It can be hand washed for easy cleaning.","Decor > Holiday Decor > Halloween","127","1","0","0","0","https://www.costway.co.uk/180cm-life-size-human-skeleton-model-with-rolling-stand.html?ff=4&fp=20&utm_source=Dropship&utm_medium=Dropship&utm_campaign=Dropship","http://www.costway.co.uk/media/catalog/product/1/8/180cm_life_size_human_skeleton_model_with_rolling_stand.jpg","http://www.costway.co.uk/media/catalog/product/a/p/ap2181_9.jpg","http://www.costway.co.uk/media/catalog/product/a/p/ap2181_10.jpg","http://www.costway.co.uk/media/catalog/product/1/8/180cm_life_size_human_skeleton_model_with_rolling_stand.jpg","http://www.costway.co.uk/media/catalog/product/a/p/ap2181_11.jpg","http://www.costway.co.uk/media/catalog/product/a/p/ap2181_12.jpg","http://www.costway.co.uk/media/catalog/product/a/p/ap2181_7.jpg","http://www.costway.co.uk/media/catalog/product/a/p/ap2181_2.jpg","0"
"ES10279GB-BK","ES10279GB-BK","25780463","XXL 90 x 23cm Electric Barbecue Teppanyaki Table Griddle","54.95","Colour: Black Size : 90 cm x 23 cm (L x W) Grill thickness: 2.3 mm Length of wire: 0.9 m UK standard plug Non-stick grill plate Box Qty:1(May vary by batch)Is Assembly Required: YesPackage includes: 1 x Electric grill 6 x Spatulas 2 x Metal rings","HEALTHIER and LOW-FAT EATING: Do you worry about too much fat you are eating when enjoying BBQ food? The table grill can solve it. As the surface is non-stick, the benefit is you can cook with little oil or no oil, and any grease which may come from your food when cooking started will be drained into the drip tray, making eating healthier and cleaning easier. JOIN IN COOKING TOGETHER: The surface area of this grill measures 90 x 23cm, large enough to cook a meal for home entertaining and friend gatherings, besides, it is supplied with 8 free wooden spatulas and 2 egg rings, each person can enjoy a happy cooking experience at dinner time! ADJUSTABLE TEMPERATURE: We believe everyone will become a good cook if you own this grill, as the electric table grill owns 5 temperature settings by controlling the adjustable thermostat, so that you can choose the most suitable temperature to cook various foods to the best result, such as beef, chicken, fish, vegetables, etc. INSULATED HANDLES and NON-SLIP FEET: There are 2 handles on each side with insulated cover for convenient moving but not burning your hands, and the teppanyaki table grill is equipped with 4 non-slip feet, it does not touch your table directly, so it is perfect for any flat surface but not melt them. ENJOY DELICIOUS BBQ FOODS ANYWHERE: The portable electric XXL teppanyaki table grill is not only great for family cooking, indoor BBQs, and dinner parties but also suitable for camping, caravanning and self-catering holidays, and the power cord is detachable, then you can take it to anywhere conveniently.","Kitchen > Cookware & Bakeware","371","1","0","0","0","https://www.costway.co.uk/xxl-90-23cm-electric-teppanyaki-table-grill-griddle-bbq-hot-plate-barbecue-2000w.html?ff=4&fp=301&utm_source=Dropship&utm_medium=Dropship&utm_campaign=Dropship","http://www.costway.co.uk/media/catalog/product/e/ES10279GB-BK/90_23cm_Electric_Barbecue_Teppanyaki_Table_Griddle-3.jpg","http://www.costway.co.uk/media/catalog/product/e/ES10279GB-BK/90_23cm_Electric_Barbecue_Teppanyaki_Table_Griddle-1.jpg","http://www.costway.co.uk/media/catalog/product/e/ES10279GB-BK/90_23cm_Electric_Barbecue_Teppanyaki_Table_Griddle-2.jpg","http://www.costway.co.uk/media/catalog/product/e/ES10279GB-BK/90_23cm_Electric_Barbecue_Teppanyaki_Table_Griddle-3.jpg","http://www.costway.co.uk/media/catalog/product/e/ES10279GB-BK/90_23cm_Electric_Barbecue_Teppanyaki_Table_Griddle-4.jpg","http://www.costway.co.uk/media/catalog/product/e/ES10279GB-BK/90_23cm_Electric_Barbecue_Teppanyaki_Table_Griddle-5.jpg","http://www.costway.co.uk/media/catalog/product/e/ES10279GB-BK/90_23cm_Electric_Barbecue_Teppanyaki_Table_Griddle-6.jpg","http://www.costway.co.uk/media/catalog/product/e/ES10279GB-BK/90_23cm_Electric_Barbecue_Teppanyaki_Table_Griddle-7.jpg","0"
"CM19733","CM19733CM19736","56431078","5/6/7/8 Feet White Artificial Christmas Tree with Metal Stand-5 ft","24.95","Colour: White Material: PVC, metal Tree height: 150 cm Number of tips: 350 Net weight: 2 kg Box Qty:1(May vary by batch)Package includes: 1 x Christmas tree 1 x Instruction manual","Are you looking forward to the upcoming winter season? This white Christmas tree is a great decoration to create a festive atmosphere! The Christmas tree features a collapsible design, which means the branches are attached directly to the tree, making it easier for you to assemble your tree with less effort. This artificial Christmas tree features 350/ 650/ 950/ 1138 beautiful tips that give it a full and realistic look. The sturdy metal stand and PVC plastic leaves are suitable for long-lasting use and allow you to place it indoors or outdoors, such as in a shop, office, living room, balcony or porch. Make your Christmas dream come true on any occasion! Elegant White Christmas Tree: This Christmas tree is pure white, which stands out from the traditional green Christmas trees. This elegant Christmas tree makes a beautiful backdrop for a winter wonderland. It suits both indoor and outdoor spaces and adds more excitement to your life. Flame-resistant and fluffy branches: The leaves of this Christmas tree are made of high-quality PVC material, flame retardant and odourless for unforgettable Christmas with peace of mind and joy. With 350/ 650/ 950/ 1138 branch tips that make the tree look more real and full, the Christmas tree mimics a full fir tree for a lively look. Easy to set up and store: It only takes a few minutes to set up and take down the Christmas tree, saving you time and effort. The collapsible composition can not only expand easily and makes the branches fluffy and lush. The Christmas tree can also be disassembled into several foldable parts for easy storage. Solid Metal Base: Thanks to the upright tree style in a lightweight size, the sturdy metal base is provided to give greater support. The metal base is designed to keep the tree stand tall and from tipping and tripping over the years. The plastic feet add stability and prevent scratches on the floor. Great Holiday Decoration: The artificial Christmas tree has a charming white color to give you romantic winter feelings. You can decorate the branches with Christmas ornaments as you like to spend quality time with your family and create great memories. It creates a festive atmosphere for Halloween, weddings, Valentine's Day, Christmas and other occasions.","Decor > Holiday Decor > Christmas > Christmas Tree","72","1","0","0","0","https://www.costway.co.uk/5-6-7-8-feet-white-artificial-christmas-tree-with-metal-stand-5-ft.html?ff=4&fp=407&utm_source=Dropship&utm_medium=Dropship&utm_campaign=Dropship","http://www.costway.co.uk/media/catalog/product/c/m/cm19733_1__3.jpg","http://www.costway.co.uk/media/catalog/product/c/m/cm19733_2__2.jpg","http://www.costway.co.uk/media/catalog/product/c/m/cm19733_3__3.jpg","http://www.costway.co.uk/media/catalog/product/c/m/cm19733_1__3.jpg","http://www.costway.co.uk/media/catalog/product/c/m/cm19733_12__1.jpg","http://www.costway.co.uk/media/catalog/product/c/m/cm19733_6__3.jpg","http://www.costway.co.uk/media/catalog/product/c/m/cm19733_4__3.jpg","http://www.costway.co.uk/media/catalog/product/c/m/cm19733_5__3.jpg","0"
"CM19734","CM19733CM19736","56431078","5/6/7/8 Feet White Artificial Christmas Tree with Metal Stand-6 ft","26.95","Colour: White Material: PVC, metal Tree height: 180 cm Number of tips: 650 Net weight: 3 kg Box Qty:1(May vary by batch)Package includes: 1 x Christmas tree 1 x Instruction manual","Are you looking forward to the upcoming winter season? This white Christmas tree is a great decoration to create a festive atmosphere! The Christmas tree features a collapsible design, which means the branches are attached directly to the tree, making it easier for you to assemble your tree with less effort. This artificial Christmas tree features 350/ 650/ 950/ 1138 beautiful tips that give it a full and realistic look. The sturdy metal stand and PVC plastic leaves are suitable for long-lasting use and allow you to place it indoors or outdoors, such as in a shop, office, living room, balcony or porch. Make your Christmas dream come true on any occasion! Elegant White Christmas Tree: This Christmas tree is pure white, which stands out from the traditional green Christmas trees. This elegant Christmas tree makes a beautiful backdrop for a winter wonderland. It suits both indoor and outdoor spaces and adds more excitement to your life. Flame-resistant and fluffy branches: The leaves of this Christmas tree are made of high-quality PVC material, flame retardant and odourless for unforgettable Christmas with peace of mind and joy. With 350/ 650/ 950/ 1138 branch tips that make the tree look more real and full, the Christmas tree mimics a full fir tree for a lively look. Easy to set up and store: It only takes a few minutes to set up and take down the Christmas tree, saving you time and effort. The collapsible composition can not only expand easily and makes the branches fluffy and lush. The Christmas tree can also be disassembled into several foldable parts for easy storage. Solid Metal Base: Thanks to the upright tree style in a lightweight size, the sturdy metal base is provided to give greater support. The metal base is designed to keep the tree stand tall and from tipping and tripping over the years. The plastic feet add stability and prevent scratches on the floor. Great Holiday Decoration: The artificial Christmas tree has a charming white color to give you romantic winter feelings. You can decorate the branches with Christmas ornaments as you like to spend quality time with your family and create great memories. It creates a festive atmosphere for Halloween, weddings, Valentine's Day, Christmas and other occasions.","Decor > Holiday Decor > Christmas > Christmas Tree","0","0","0","0","0","https://www.costway.co.uk/5-6-7-8-feet-white-artificial-christmas-tree-with-metal-stand-6-ft.html?ff=4&fp=408&utm_source=Dropship&utm_medium=Dropship&utm_campaign=Dropship","http://www.costway.co.uk/media/catalog/product/c/m/cm19734_1_.jpg","http://www.costway.co.uk/media/catalog/product/c/m/cm19734_4_.jpg","http://www.costway.co.uk/media/catalog/product/c/m/cm19734_7_.jpg","http://www.costway.co.uk/media/catalog/product/c/m/cm19734_1_.jpg","http://www.costway.co.uk/media/catalog/product/c/m/cm19734_6_.jpg","http://www.costway.co.uk/media/catalog/product/c/m/cm19734_10_.jpg","http://www.costway.co.uk/media/catalog/product/c/m/cm19734_2_.jpg","http://www.costway.co.uk/media/catalog/product/c/m/cm19734_5_.jpg","0"
"CM19735","CM19733CM19736","56431078","5/6/7/8 Feet White Artificial Christmas Tree with Metal Stand-7 ft","44.95","Colour: White Material: PVC, metal Tree height: 210 cm Number of tips: 950 Net weight: 4.5 kg Box Qty:1(May vary by batch)Package includes: 1 x Christmas tree 1 x Instruction manual","Are you looking forward to the upcoming winter season? This white Christmas tree is a great decoration to create a festive atmosphere! The Christmas tree features a collapsible design, which means the branches are attached directly to the tree, making it easier for you to assemble your tree with less effort. This artificial Christmas tree features 350/ 650/ 950/ 1138 beautiful tips that give it a full and realistic look. The sturdy metal stand and PVC plastic leaves are suitable for long-lasting use and allow you to place it indoors or outdoors, such as in a shop, office, living room, balcony or porch. Make your Christmas dream come true on any occasion! Elegant White Christmas Tree: This Christmas tree is pure white, which stands out from the traditional green Christmas trees. This elegant Christmas tree makes a beautiful backdrop for a winter wonderland. It suits both indoor and outdoor spaces and adds more excitement to your life. Flame-resistant and fluffy branches: The leaves of this Christmas tree are made of high-quality PVC material, flame retardant and odourless for unforgettable Christmas with peace of mind and joy. With 350/ 650/ 950/ 1138 branch tips that make the tree look more real and full, the Christmas tree mimics a full fir tree for a lively look. Easy to set up and store: It only takes a few minutes to set up and take down the Christmas tree, saving you time and effort. The collapsible composition can not only expand easily and makes the branches fluffy and lush. The Christmas tree can also be disassembled into several foldable parts for easy storage. Solid Metal Base: Thanks to the upright tree style in a lightweight size, the sturdy metal base is provided to give greater support. The metal base is designed to keep the tree stand tall and from tipping and tripping over the years. The plastic feet add stability and prevent scratches on the floor. Great Holiday Decoration: The artificial Christmas tree has a charming white color to give you romantic winter feelings. You can decorate the branches with Christmas ornaments as you like to spend quality time with your family and create great memories. It creates a festive atmosphere for Halloween, weddings, Valentine's Day, Christmas and other occasions.","Decor > Holiday Decor > Christmas > Christmas Tree","201","1","0","0","0","https://www.costway.co.uk/5-6-7-8-feet-white-artificial-christmas-tree-with-metal-stand-7-ft.html?ff=4&fp=409&utm_source=Dropship&utm_medium=Dropship&utm_campaign=Dropship","http://www.costway.co.uk/media/catalog/product/c/m/cm19735_1_.jpg","http://www.costway.co.uk/media/catalog/product/c/m/cm19735_12_.jpg","http://www.costway.co.uk/media/catalog/product/c/m/cm19735_6_.jpg","http://www.costway.co.uk/media/catalog/product/c/m/cm19735_1_.jpg","http://www.costway.co.uk/media/catalog/product/c/m/cm19735_5_.jpg","http://www.costway.co.uk/media/catalog/product/c/m/cm19735_9_.jpg","http://www.costway.co.uk/media/catalog/product/c/m/cm19735_2_.jpg","http://www.costway.co.uk/media/catalog/product/c/m/cm19735_3_.jpg","0"
"CM19736","CM19733CM19736","56431078","5/6/7/8 Feet White Artificial Christmas Tree with Metal Stand-8 ft","37.95","Colour: White Material: PVC, metal Tree height: 240 cm Number of tips: 1138 Net weight: 5.5 kg Box Qty:1(May vary by batch)Package includes: 1 x Christmas tree 1 x Instruction manual","Are you looking forward to the upcoming winter season? This white Christmas tree is a great decoration to create a festive atmosphere! The Christmas tree features a collapsible design, which means the branches are attached directly to the tree, making it easier for you to assemble your tree with less effort. This artificial Christmas tree features 350/ 650/ 950/ 1138 beautiful tips that give it a full and realistic look. The sturdy metal stand and PVC plastic leaves are suitable for long-lasting use and allow you to place it indoors or outdoors, such as in a shop, office, living room, balcony or porch. Make your Christmas dream come true on any occasion! Elegant White Christmas Tree: This Christmas tree is pure white, which stands out from the traditional green Christmas trees. This elegant Christmas tree makes a beautiful backdrop for a winter wonderland. It suits both indoor and outdoor spaces and adds more excitement to your life. Flame-resistant and fluffy branches: The leaves of this Christmas tree are made of high-quality PVC material, flame retardant and odourless for unforgettable Christmas with peace of mind and joy. With 350/ 650/ 950/ 1138 branch tips that make the tree look more real and full, the Christmas tree mimics a full fir tree for a lively look. Easy to set up and store: It only takes a few minutes to set up and take down the Christmas tree, saving you time and effort. The collapsible composition can not only expand easily and makes the branches fluffy and lush. The Christmas tree can also be disassembled into several foldable parts for easy storage. Solid Metal Base: Thanks to the upright tree style in a lightweight size, the sturdy metal base is provided to give greater support. The metal base is designed to keep the tree stand tall and from tipping and tripping over the years. The plastic feet add stability and prevent scratches on the floor. Great Holiday Decoration: The artificial Christmas tree has a charming white color to give you romantic winter feelings. You can decorate the branches with Christmas ornaments as you like to spend quality time with your family and create great memories. It creates a festive atmosphere for Halloween, weddings, Valentine's Day, Christmas and other occasions.","Decor > Holiday Decor > Christmas > Christmas Tree","107","1","0","0","0","https://www.costway.co.uk/5-6-7-8-feet-white-artificial-christmas-tree-with-metal-stand-8-ft.html?ff=4&fp=410&utm_source=Dropship&utm_medium=Dropship&utm_campaign=Dropship","http://www.costway.co.uk/media/catalog/product/c/m/cm19736_2_.jpg","http://www.costway.co.uk/media/catalog/product/c/m/cm19736_1_.jpg","http://www.costway.co.uk/media/catalog/product/c/m/cm19736_7_.jpg","http://www.costway.co.uk/media/catalog/product/c/m/cm19736_2_.jpg","http://www.costway.co.uk/media/catalog/product/c/m/cm19736_6_.jpg","http://www.costway.co.uk/media/catalog/product/c/m/cm19736_10_.jpg","http://www.costway.co.uk/media/catalog/product/c/m/cm19736_3_.jpg","http://www.costway.co.uk/media/catalog/product/c/m/cm19736_4_.jpg","0"
"GT2914GN","GT2914","73491605","63L Heavy-Duty Garden Grass Roller with U-shaped Handle-Green","89.95","Colour: Green Material: Galvanized steel Dimensions:&nbsp; Garden roller: 90 cm width. 30 cm diameter steel drum Weight:&nbsp; Approx net weight: 16 kg&nbsp; Approx weight: 75 kg when filled with water&nbsp; Approx weight: 110 kg when filled with sand Box Qty:1(May vary by batch)","Lawn roller is ideal for erasing lawn damage caused by moles and frost heave. It is made of durable material. So you can use it for a long time. It can also help pack down loose dirt and newly sewn seed or sod for a beautiful lawn. The push / tow roller is a very versatile roller which is small enough to maneuver in tight space and durable enough to be towed behind a tractor to roll larger open space. If you are looking for a such product, do not hesitate to buy it. The roller features handles that fold back for easy storage plus a scraper bar that ensures any loose debris is not rolled back into the lawn Heavy duty,63 l capacity poly roller drum will not dent or rust Rounded roller end caps for a smooth tractor turn without damaging the lawn 90 cm wide steel drum fits larger lawn and helps to improve the work efficiency New arrival,we offer the best price to welcome you to be the witness of our product and service","Outdoor > Garden > Garden Tools > Lawn Care Tools","32","1","0","0","0","https://www.costway.co.uk/fds-heavy-duty-metal-63l-water-sand-filled-garden-for-grass-lawn-roller.html?ff=4&fp=705&utm_source=Dropship&utm_medium=Dropship&utm_campaign=Dropship","http://www.costway.co.uk/media/catalog/product/g/t/gt2914_9_.jpg","http://www.costway.co.uk/media/catalog/product/g/t/gt2914_9_.jpg","http://www.costway.co.uk/media/catalog/product/g/t/gt2914gn6_1.jpg","http://www.costway.co.uk/media/catalog/product/g/t/gt2914gn5_1.jpg","http://www.costway.co.uk/media/catalog/product/g/t/gt2914gn8_1.jpg","http://www.costway.co.uk/media/catalog/product/g/t/gt2914gn2_1.jpg","http://www.costway.co.uk/media/catalog/product/g/t/gt2914gn9_1.jpg","http://www.costway.co.uk/media/catalog/product/g/t/gt2914gn1_1.jpg","0"
"HB85067","HB85067","56391720","Portable Salon Hood Hairdryer with Stand","134.95","Colour: Black Voltage: 220V Power:1300 W Diameter of 5-Leg: 63cm Main material:&nbsp;PP, ABS, Iron Timer: 0-60 minutes per session Adjustable height: From 125 to 160CM Adjustable temperature From 40 to 75℃ Box Qty:1(May vary by batch)Is Assembly Required: YesPackage includes: 1 x Professional hair dryer 1 x Instruction manual Warning: Do not put your head in the enclosure; Keep the distance of head and&nbsp;enclosure&nbsp;over 20cm; Long hair must be wrapped&nbsp; in a towel while drying","This hairdryer is a good hair styling tool. Suitable in drying, colouring, perming and conditioning hair, it features a 5 legged base with 5 swivel wheels, which keeps this hair dryer stable whilst allowing you to move it effortlessly. Both the temperature and height can also be adjusted to suit your customer. Do not hesitate to buy it. 60 minute timer function Adjustable height & temperature Easy to operate and assemble Designed to work with a low noise output Adjustable positioned helmet with opening door 5 legged base for stability 5 swivel wheel for effortless manoeuvrability A good hairdressing tool for drying, colouring, perming and conditioning hair CE certification","Health & Beauty > Massage & Relaxation > Spa & Salon","56","1","0","0","1","https://www.costway.co.uk/portable-hairdryer-stand-professional-hair-dryer-hood-salon-hairdresser-floor.html?ff=4&fp=720&utm_source=Dropship&utm_medium=Dropship&utm_campaign=Dropship","http://www.costway.co.uk/media/catalog/product/4/_/4_99_43.jpg","http://www.costway.co.uk/media/catalog/product/1/_/1_82_97.jpg","http://www.costway.co.uk/media/catalog/product/7/_/7_62_59.jpg","http://www.costway.co.uk/media/catalog/product/5/_/5_93_47.jpg","http://www.costway.co.uk/media/catalog/product/4/_/4_99_43.jpg","http://www.costway.co.uk/media/catalog/product/8/_/8_39_53.jpg","http://www.costway.co.uk/media/catalog/product/2/_/2_101_85.jpg","http://www.costway.co.uk/media/catalog/product/9/_/9_21_90.jpg","0"
"GT2980","GT2980","87150934","Heavy Duty Rolling Grass Lawn Garden Aerator","29.95","Colour: Green &amp; Silver Material: Galvanized Pipe, PP Plastic Length: 126 cm Width:45 cm Height:21 cm Net weight: 3.5 kg Gross weight: 4 kg Box Qty:1(May vary by batch)Is Assembly Required: Yes","This heavy duty green rolling garden lawn aerator roller will be loved by the gardening people. The easy-rolling lawn aerator lets air, water and nutrients reach grass roots for a greener, more beautiful lawn. It uses a fast and efficient way to keep your lawn aerated. Sturdy wheels roll easily over any turf, and its metal spikes aerate the lawn deeply and completely breathes new life into your lawn. It has no harmful and expensive chemicals complete with 3 piece tubular steel handle. Besides, it can be easy assemble. Don't hesitate to buy it! Metal zinc coated roller with aluminium handle PP wheel Easy-rolling lawn roller lets air, water and nutrients reach grass roots Loosens soil in the garden Ensures new life to your garden without the usage of harmful and expensive chemicals Special galvanized metal ensures that the roller does not easily rust Green PP wheels","Outdoor > Garden > Garden Tools > Lawn Care Tools","305","1","0","0","1","https://www.costway.co.uk/heavy-duty-rolling-grass-lawn-garden-aerator-steel-spike-roller-aluminum-handle.html?ff=4&fp=773&utm_source=Dropship&utm_medium=Dropship&utm_campaign=Dropship","http://www.costway.co.uk/media/catalog/product/5/_/5_93_69.jpg","http://www.costway.co.uk/media/catalog/product/4/_/4_99_63.jpg","http://www.costway.co.uk/media/catalog/product/5/_/5_93_69.jpg","http://www.costway.co.uk/media/catalog/product/6/_/6_82_13.jpg","http://www.costway.co.uk/media/catalog/product/0/_/0_1_4.jpg","http://www.costway.co.uk/media/catalog/product/g/t/gt2980_1.jpg","http://www.costway.co.uk/media/catalog/product/g/t/gt2980_4.jpg","http://www.costway.co.uk/media/catalog/product/g/t/gt2980_3.jpg","0"
"HW53986","HW53986","73189260","Adjustable Winged Clothes Airer Horses Indoor Laundry Rack Folding Washing Dryer","42.95","Material: Coating steel &amp; plastic Dimension: Length: 130-137 cm Wide: 56 cm Height: 98-124 cm Distance between 2 bars(top): 9 cm Distance between 2 bars(middle): 7 cm Pole diameter: 8 mm Load capacity: 12 kg Box Qty:1(May vary by batch)","Still bothering about insufficient clothes drying? Then our brand new foldable drying rack is your best choice! 2-layer design gives you ample space for clothes store, while 19 hanging rails give you sufficient space for hanging all your clothes. Moreover, there are 4 shoe rack at the bottom, which allows you dry your shoes as well. Adjustable design makes clothes drying much more efficient, because you can adjust the rack angle and position. Also, it’s ideal for both large room and small room. Sturdy construction enables a great load capacity up to 12 kg, while the non-slip feet stand firmly indoors and outdoors. The lightweight saves your labor in movement, and foldable design simplifies the storage. The whole setup process is straightforward and you can complete it within seconds. Lastly, the rustproof surface is easy to clean, effectively extending the serving cycle. Your Drying and Storage Helper: 2-layer design gives you ample space for storage, meanwhile 19 hanging rails provide you with sufficient space for hanging all your clothes. Moreover, there are 4 shoe racks at the bottom, which allows you to dry your shoes as well. Adjustable and Convenient Design: This hanging rack enables easy adjustment, and you can freely adjust the rack angle and position on specific occasions. Easy adjustment makes this hanging rack practical in both large room and small room. Sturdy Construction and Stability: Solid material together with sturdy construction offers the hanging rack a great load capacity up to 12 kg. Also, this drying rack will stand firmly in your room, and the non-slip feet add extra stability in outdoor use. Easy Storage and Portability: The light weight makes the movement much easier, while the foldable design saves your space for storage and carriage. Indoor or outdoor, the strong practicality and great portability will largely facilitate your clothes drying. Simple Setup and Durability: The setup is so easy that you can complete it within seconds. In addition, the application of stainless steel effectively extends the serving cycle, and the rustproof surface is very easy to clean as well.","Bath > Towel Racks & Drying Racks","161","1","0","0","0","https://www.costway.co.uk/adjustable-winged-clothes-airer-horses-indoor-laundry-rack-folding-washing-dryer.html?ff=4&fp=823&utm_source=Dropship&utm_medium=Dropship&utm_campaign=Dropship","http://www.costway.co.uk/media/catalog/product/h/w/hw53986.jpg_4_.jpg","http://www.costway.co.uk/media/catalog/product/1/_/1_82_145.jpg","http://www.costway.co.uk/media/catalog/product/h/w/hw53986.jpg_13_.jpg","http://www.costway.co.uk/media/catalog/product/7/_/7_62_101.jpg","http://www.costway.co.uk/media/catalog/product/h/w/hw53986.jpg_5_.jpg","http://www.costway.co.uk/media/catalog/product/h/w/hw53986.jpg.jpg","http://www.costway.co.uk/media/catalog/product/6/_/6_82_38.jpg","http://www.costway.co.uk/media/catalog/product/h/w/hw53986.jpg_4_.jpg","0"
"HW52973BE","HW52973","90175682","Wooden Orthopaedic Kneeling Stool Ergonomic Posture Frame Seat-beige","61.95","Colour: Beige / Black / Grey Material: Polyacrylic fabric + wood Finish: Natural wood Dimension: 46 x 59 x 62 cm (L x W x H) Height adjustable from: 500 mm to 730 mm Weight capacity: 120 kg Box Qty:1(May vary by batch)Package include:&nbsp; 1 x Wooden kneeling stool 1 x Instruction manual","This ergonomic kneeling chair is perfect to reduce the impact of sustained sitting and helps to alleviate aches and pains.This kneeling stool features a wooden frame which makes it stable and sturdy. It has a thickly padded seat and knee mat which offers comfort and support to the contours of your back and legs. The ergonomic structure of the stool puts focus spread from the buttocks to the knees and reduces pain of your spine. In addition, it allows your diaphragm to move efficiently and promotes better breathing and blood circulation. The height is adjustable and the four casters make it move easily on the floor. Comfortable Padded Seat: Contain with a padded seat which is very comfortable for you to use. And the ergonomic kneeling chair is also great for your knee rest. This chair encourages a more ergonomic posture and distributes the user's weight across the body more evenly High-Quality Materials: We use polyacrylic fabric and wood as the main materials for the ergonomic kneeling chair. With such great materials, the kneeling chair is available for long time use. Height Adjustment Frame: The ergonomic kneeling chair has special height adjustment design. You can adjust it into a suitable height according to your own needs. And the angle and height can be adjusted for maximum comfort. 4 Dual Rolling Wheel Casters: There are 4 dual rolling wheel casters under the ergonomic kneeling chair. These are very easy to assemble. And the wheels also enable you for easy move. Classic Ergonomic Kneeling Chair: Classic European design with wooden frame would feature unique construction. With this solid material and construction, it can reach high weight capacity of 120 kg and the excellent appearance could bring about popularity in health training to keep off sub-health. Specifications Colour: Beige / Black / Grey Material: Polyacrylic fabric + wood Finish: Natural wood Dimension: 46 x 59 x 62 cm (L x W x H) Height adjustable from: 500 mm to 730 mm Weight capacity: 120 kg Box Qty:1(May vary by batch) Package include: 1 x Wooden Kneeling Stool 1 x Instruction Manual","Furniture > Home Office > Office Chairs","26","1","0","0","1","https://www.costway.co.uk/wooden-chair-kneeling-orthopaedic-stool-ergonomic-posture-frame-seat-health-care-beige.html?ff=4&fp=909&utm_source=Dropship&utm_medium=Dropship&utm_campaign=Dropship","http://www.costway.co.uk/media/catalog/product/7/_/7_62_120_9.jpg","http://www.costway.co.uk/media/catalog/product/h/w/hw52973_11_1_1.jpg","http://www.costway.co.uk/media/catalog/product/h/w/hw52973_1_1.jpg","http://www.costway.co.uk/media/catalog/product/7/_/7_62_120_9.jpg","http://www.costway.co.uk/media/catalog/product/h/w/hw52973_6_1.jpg","http://www.costway.co.uk/media/catalog/product/h/w/hw52973_2_1.jpg","http://www.costway.co.uk/media/catalog/product/h/w/hw52973_7_1.jpg","http://www.costway.co.uk/media/catalog/product/h/w/hw52973_5_1.jpg","0"
"HW52973BK","HW52973","90175682","Wooden Orthopaedic Kneeling Stool Ergonomic Posture Frame Seat-Black","64.95","Colour: Beige / Black / Grey Material: Polyacrylic fabric + wood Finish: Natural wood Dimension: 46 x 59 x 62 cm (L x W x H) Height adjustable from: 500 mm to 730 mm Weight capacity: 120 kg Box Qty:1(May vary by batch)Package include:&nbsp; 1 x Wooden kneeling stool 1 x Instruction manual","This ergonomic kneeling chair is perfect to reduce the impact of sustained sitting and helps to alleviate aches and pains. This kneeling stool features a wooden frame which makes it stable and sturdy. It has a thickly padded seat and knee mat which offers comfort and support to the contours of your back and legs. The ergonomic structure of the stool puts focus spread from the buttocks to the knees and reduces pain of your spine. In addition, it allows your diaphragm to move efficiently and promotes better breathing and blood circulation. The height is adjustable and the four casters make it move easily on the floor. Assembly is easy. Don't hesitate to buy it! This chair encourages a more ergonomic posture Distributes the users weight across the body more evenly Angle and height adjustment for maximum comfort Padded seat and knee rest Height adjustment frame Classic European design with wooden frame Dual wheel casters Polyacrylic fabric for durability Requires easy self assembly using instructions provided","Furniture > Home Office > Office Chairs","16","1","0","0","1","https://www.costway.co.uk/wooden-chair-kneeling-orthopaedic-stool-ergonomic-posture-frame-seat-health-care-black.html?ff=4&fp=910&utm_source=Dropship&utm_medium=Dropship&utm_campaign=Dropship","http://www.costway.co.uk/media/catalog/product/h/w/hw52973_8_1.jpg","http://www.costway.co.uk/media/catalog/product/5/_/5_93_119_10.jpg","http://www.costway.co.uk/media/catalog/product/8/_/8_39_101_10.jpg","http://www.costway.co.uk/media/catalog/product/1/_/1_82_174_10.jpg","http://www.costway.co.uk/media/catalog/product/3/_/3_95_62_10.jpg","http://www.costway.co.uk/media/catalog/product/h/w/hw52973_8_1.jpg",,,"0"
"OP70786","OP70786","03794126","Solid Steel C Hammock Frame Stand Construction","74.95","Color: Black Material: Steel Overall dimension: 111 cm x 84 cm x 207 cm (L x W x H) Net weight: 21 kg Max weight capacity: 150 kg Box Qty:1(May vary by batch)Is Assembly Required: YesPackage includes: 1 x Hammock chair stand 1 x Instruction manual","Made of durable and high-quality material, this hammock stand can be used for a long time. C-shaped hammock chair stand is a wonderful choice for you! Hammock stand with large size allows you to freely enjoy large sitting space. Cross base and solid frame enable the stand to be sturdy and stable, you can use it wherever you like. Additionally, we provide you with all accessories and instruction to help you assemble it with convenience. If you are looking for a sturdy chair stand like this, don't hesitate to place an order! Cross baseenables it to be stable and safe Ideal for both indoors and outdoors use C-shape designand large size to provide you more space Easy to assemble and detach, saving users' time and energy Wonderful decoration for users to put in bedroom and livingroom Heavy-duty steels to perfectly hold chairs and users weighting 150 kg powder-coated steel allows our chair stand to be durable and weather-resistant","Outdoor > Outdoor & Patio Furniture > Hammocks","40","1","0","1","0","https://www.costway.co.uk/solid-steel-c-hammock-frame-stand-construction.html?ff=4&fp=912&utm_source=Dropship&utm_medium=Dropship&utm_campaign=Dropship","http://www.costway.co.uk/media/catalog/product/1/_/1_162_7.jpg","http://www.costway.co.uk/media/catalog/product/1/_/1_82_175.jpg","http://www.costway.co.uk/media/catalog/product/9/_/9_66_7.jpg","http://www.costway.co.uk/media/catalog/product/7/_/7_122_7.jpg","http://www.costway.co.uk/media/catalog/product/1/0/10_50_6.jpg","http://www.costway.co.uk/media/catalog/product/5/_/5_161_7.jpg","http://www.costway.co.uk/media/catalog/product/1/1/11_53_3.jpg","http://www.costway.co.uk/media/catalog/product/6/_/6_148_7.jpg","0"
"ES10317GB-BK","ES10317GB-BK","24785910","XL 70 x 23cm Electric Teppanyaki Table Griddle","49.95","Size: 70 x 23 cm (L x W) Grill thickness: 2.3 mm Length of wire: 0.9 m Plug: Uk standard Material : Non-stick coating Box Qty:1(May vary by batch)Is Assembly Required: YesPackage include: 1 x Electric grill 6 x Spatulas 2 x Metal rings 1 x Adapter","This electric table griddle is great for dinner parties and barbecue-styled meals. Foods such as chicken, beef, prawns, fish and chopped vegetables can all be cooked to an individual's liking. If you are looking for such a product, don't hesitate to buy it! Adjustable Thermostat: There is an adjustable thermostat, which has 5 settings to choose from for various of foods. Firepower freely adjusts and persists in stabilization. It is a powerful(1800 W) electric grill, which can heat up food quickly.Healthy Eating Together: Features XL(70x23cm) cooking area, including 6*free spatulas and 2* no-sticking rings, allowing the whole family to join in with the cooking, suitable for parties and family gatherings. What's more, extra grease that may come from your food is drained into the drip tray, providing healthier food.Non-stick Surface: The cooking area is coated with a non-stick surface, which means, it just needs a little oil for food, more healthier than a traditional grill, and is also easy to clean after cooking.Insulated Handles and Non-slip Legs: There are 2 insulated handles on each side, so you can move it from the kitchen to other gathering places safely, besides, the legs are covered with rubber caps, which can prevent your cooking platform from damage, while ensuring extra stable when cooking.Safe and Easy to Use: Plug and Play, no assembly required, user manual included, and it's easy to use as long as you follow the introduction and our tabletop grill has been approved with a CE certificate, the power cord is also detachable if you want to wash or move the grill.","Kitchen > Cookware & Bakeware","325","1","0","0","0","https://www.costway.co.uk/70-23cm-electric-xl-teppanyaki-table-grill-griddle-bbq-hot-plate-barbecue.html?ff=4&fp=1070&utm_source=Dropship&utm_medium=Dropship&utm_campaign=Dropship","http://www.costway.co.uk/media/catalog/product/e/ES10317GB-BK/70_23cm_Electric_Teppanyaki_Table_Griddle-2.jpg","http://www.costway.co.uk/media/catalog/product/e/ES10317GB-BK/70_23cm_Electric_Teppanyaki_Table_Griddle-1.jpg","http://www.costway.co.uk/media/catalog/product/e/ES10317GB-BK/70_23cm_Electric_Teppanyaki_Table_Griddle-4.jpg","http://www.costway.co.uk/media/catalog/product/e/ES10317GB-BK/70_23cm_Electric_Teppanyaki_Table_Griddle-2.jpg","http://www.costway.co.uk/media/catalog/product/e/ES10317GB-BK/70_23cm_Electric_Teppanyaki_Table_Griddle-3.jpg","http://www.costway.co.uk/media/catalog/product/e/ES10317GB-BK/70_23cm_Electric_Teppanyaki_Table_Griddle-5.jpg","http://www.costway.co.uk/media/catalog/product/e/ES10317GB-BK/70_23cm_Electric_Teppanyaki_Table_Griddle-6.jpg","http://www.costway.co.uk/media/catalog/product/e/ES10317GB-BK/70_23cm_Electric_Teppanyaki_Table_Griddle-7.jpg","0"
"GT2970GN","GT2970","03794856","48 L Lawn Roller Steel Lawn Rolling Machine-Green","62.95","Color: Green/Black Main Material: Steel Overall Size: 110 cm x 60 cm x 30 cm (L x W x H) Diameter of the Drum: 30 cm Capacity: 48L Gross weight: 10 kg Box Qty:1(May vary by batch)Package includes: 1 × Lawn Roller 1 × Instructions","Lawn rollers are ideal for erasing lawn damage caused by moles and frost heave. It can also help pack down loose dirt and newly sewn seed or sod for a perfect looking lawn. The push/tow roller is a very versatile roller. It is not only small enough to maneuver in tight spaces but also durable enough to roll larger open spaces. Besides, You can use it for a long time because the 48 l capacity poly roller drum will not dent or rust. If you are looking for a such product, do not hesitate to buy it. The roller features handles that fold back for easy storage plus a scraper bar that ensures any loose debris is not rolled back into the lawn Heavy duty,48 l capacity poly roller drum will not dent or rust Rounded roller end caps for a smooth tractor turn without damaging the lawn Fully portable solid steel frame & drum padded handle scraper bar New arrival,we offer the best price to welcome you to be the witness of our product and service","Outdoor > Garden > Garden Tools > Lawn Care Tools","42","1","0","0","0","https://www.costway.co.uk/heavy-duty-metal-48l-water-sand-filled-garden-for-grass-lawn-roller.html?ff=4&fp=1089&utm_source=Dropship&utm_medium=Dropship&utm_campaign=Dropship","http://www.costway.co.uk/media/catalog/product/4/_/4_100_28.jpg","http://www.costway.co.uk/media/catalog/product/4/_/4_100_28.jpg","http://www.costway.co.uk/media/catalog/product/g/t/gt2970gn-1_3_.jpg","http://www.costway.co.uk/media/catalog/product/g/t/gt2970gn-1_4_.jpg","http://www.costway.co.uk/media/catalog/product/g/t/gt2970gn-1_8_.jpg","http://www.costway.co.uk/media/catalog/product/g/t/gt2970gn-1_5_.jpg","http://www.costway.co.uk/media/catalog/product/g/t/gt2970gn-1_1_.jpg","http://www.costway.co.uk/media/catalog/product/g/t/gt2970gn-1_6_.jpg","0"
"HB84940+","HB84940+","36159074","Professional Portable Hood Hairdryer with Stand","110.95","Colour: White Adjustable height: 125 - 160 cm Diameter of base 4 leg: 67 cm Adjustable temperature from 40 to 75 ℃ Timer: 0 - 60 minutes per session Electric requirement: Ac 220 V, 50 Hz Power: 1300 W This item comes in 2 boxes Box Qty:2(May vary by batch)","The portable, height-adjustable, hood hairdryer is perfect for your needs. Lightweight and economical, this dryer is loaded with professional features and functions. It can dry hair fast leaving it silky smooth and frizz-free. With its generously sized hood, the dryer can accommodate even the largest rollers and can be positioned to suit your customer by adjusting the height of the hood. It has 4 swivel wheels so it can be moved easily around the room, a timer for up to a 60-minute session and a variable temperature knob. This is a great addition to your salon. If you are looking for a hairdryer, don't hesitate to buy this one! High quality and brand new Adjustable position hood with door opening Height adjustable Stable 4 leg base with swivel wheels Easy to operate & assemble Low noise","Health & Beauty > Massage & Relaxation > Spa & Salon","88","1","1","0","0","https://www.costway.co.uk/portable-hairdryer-stand-professional-hair-dryer-hood-salon-hairdresser-floor-1268.html?ff=4&fp=1233&utm_source=Dropship&utm_medium=Dropship&utm_campaign=Dropship","http://www.costway.co.uk/media/catalog/product/1/0/102_57.jpg","http://www.costway.co.uk/media/catalog/product/1/0/100_63.jpg","http://www.costway.co.uk/media/catalog/product/1/1/11_.jpg","http://www.costway.co.uk/media/catalog/product/1/0/102_57.jpg","http://www.costway.co.uk/media/catalog/product/1/0/103_61.jpg","http://www.costway.co.uk/media/catalog/product/1/2/12__1.jpg","http://www.costway.co.uk/media/catalog/product/1/0/101_63.jpg","http://www.costway.co.uk/media/catalog/product/1/_/1__6.jpg","0"
"CM19722","CM19722","93672051","5.9ft (1.8m) Artificial Christmas Tree with Metal Stand","32.95","Colour: Green Tree height: 5.9 ft From the base of stand to the top of the tree Material of stand: Metal Number of tips: 650 tips Blade width: 2.4 inches Weight: Approx. 6.5 lbs Material: PVC Box Qty:1(May vary by batch)Package includes: 1 x Christmas tree 1 x Stand","This classic pine unlit Christmas tree with a durable metal base will add a warm, festive feeling to any setting. Quick and easy to assemble, this tree will make Christmas preparation effortless. This 5.9ft tree, complete with stand, has 650 tips and slots together easily. The branches can be fanned out for your desired effect and ornaments can be hung creating a lovely festive feel to your room. Have this tree in your home and enjoy its beauty for many holidays to come! Just buy it! High quality Great for any setting Durable metal stand Perfect for both indoor and outside use Realistic green artificial Christmas tree Quick and easy to assemble and dismantle Tree is brand new and boxed","Decor > Holiday Decor > Christmas > Christmas Tree","334","1","0","0","0","https://www.costway.co.uk/1-8m-6ft-tall-christmas-tree-with-stand-holiday-season-indoor-outdoor-decoration.html?ff=4&fp=1289&utm_source=Dropship&utm_medium=Dropship&utm_campaign=Dropship","http://www.costway.co.uk/media/catalog/product/1/0/1023107.jpg","http://www.costway.co.uk/media/catalog/product/1/0/1023110.jpg","http://www.costway.co.uk/media/catalog/product/1/0/1023106.jpg","http://www.costway.co.uk/media/catalog/product/1/0/1023111.jpg","http://www.costway.co.uk/media/catalog/product/1/0/1023113.jpg","http://www.costway.co.uk/media/catalog/product/1/0/1023108.jpg","http://www.costway.co.uk/media/catalog/product/1/0/1023109.jpg","http://www.costway.co.uk/media/catalog/product/1/0/1023105.jpg","0"
"HW56080","HW56080","07529134","5 Pieces Fire Companion Set Black Fireside Fireplace Tools","36.95","Colour:Black + Gold Material: Iron N.W.: About 2.8 kg Overall Height: Approx. 64 cm Box Qty:1(May vary by batch)Is Assembly Required: YesPackage Includes: 1 x 5 Piece Fireplace Companion set 1 x Instruction Manual","This 5 piece fireplace set handle range has a modern stylish design. This classy 5 piece fire companion set includesa fire clamp, a fire hook, a brush and a shovel. Not only is this set sturdy, it has a quality finish and is sure to make the perfect fireside accessory. Furthermore, this superb companion set has an intricate bold handle to make the set look even better.This set is available with a cage handle or ring handle design. If you are looking for it, don't hesitate to add it to your cart! ● 5 Pieces Combination of Fireplace Tools: The 25"" 5 pieces fireplace tools set includes sturdy stand with heavy duty base, brush, shovel, tong and fireplace poker, one for each. This tool set can meet all the daily needs of the family. ● Durable and Sturdy Construction: The all tools of the 5 pieces fireplace tools set are made of robust iron. The solid and heavy duty metal construction provides reliable durability. This tool set can serve you for a long time. ● Space-saving Storage and Practical Function: The design of this fireplace tools set is very space-saving, when you don't need to use them, you can hang the four tools on the stand with pedestal base, It don't take up room space and make the room more clean and beautiful. ● Ergonomic Design: Each tool of this fireplace tools set comes with a sturdy, perforated handle that is not only easy to hang, but also easy to use, feel good and fatigue free. ● Easy to Assemble: The 5 pieces fireplace tools set is easy to assemble. You can quickly assemble the item and use it in a clear and easy-to-understand manual. The top support keeps your tools organized, matching with both wood-burning and gas fireplaces.","Outdoor > Outdoor Heating > Fireplace Tools","64","1","0","0","0","https://www.costway.co.uk/5-piece-high-quality-fire-companion-set-iron-fireplace-fireside-tools-brush-black-silver-gold-golden.html?ff=4&fp=1319&utm_source=Dropship&utm_medium=Dropship&utm_campaign=Dropship","http://www.costway.co.uk/media/catalog/product/h/w/hw56079_15__15.jpg","http://www.costway.co.uk/media/catalog/product/h/w/hw56078_23__15.jpg","http://www.costway.co.uk/media/catalog/product/h/w/hw56080_14__15.jpg","http://www.costway.co.uk/media/catalog/product/h/w/hw56080_15__15.jpg","http://www.costway.co.uk/media/catalog/product/h/w/hw56080_16__15.jpg","http://www.costway.co.uk/media/catalog/product/h/w/hw56080_25__15.jpg","http://www.costway.co.uk/media/catalog/product/h/w/hw56080_18__15.jpg","http://www.costway.co.uk/media/catalog/product/h/w/hw56080_17__15.jpg","0"
"EP23230","EP23230","51236079","450W Air Blower for Long Time Use Inflatable Bouncer Blower","89.95","Material: PP + iron Colour: Yellow + green Diameter:4-1/4' Power: 450W Cord length: 4m N.W.: Approx. 5kg Input: 220v-240v AC / 50 HZ Horsepower wattage: 0.6-0.7 Box Qty:1(May vary by batch)Package includes: 1 x Air blower 1 x Instruction manual","Quickly filling and greatly air flowing, this 450W air blower works well with outdoor bounce houses, water slides, air sofas and other suitable inflatable bouncers. Also great for other construction applications, such as drying wet carpet, blowing off sidewalks, or cleaning up leaves in the garden! Upgrade Safety Air Blower: This electric air blower has a clear cover on the switch, which is safe enough for you to turn on/off in case it gets wet. There are 2 wire meshes covering on 2 vents, which can protect your hands from getting cut when on working status. This portable air blower pump uses a particular built-in bearing, which performs better than other plastic ones; the air blower pump engine runs more smoothly. Wide Usage to Meet Various Needs: We combine the yellow and the green together for the first time, which had an unexpected effect . You can find that the bright colors are lively and fashion. Quickly filling and greatly air flowing, this air blower pump fan works well with outdoor bounce houses, water slides, obstacle courses, air sofas and other suitable inflatable bouncers. Easy Operation: This air blower pump has 13 feet length power cord, easy-handhold grip design, which makes it convenient to inflate products and be a time saver for any occasion. It is also an air blower which can be fixed, as there are four holes in the base of the blower. You can find some screws to hold the blower according to your needs, which is good for stability. Silent Mode: This air blower pump uses high-quality metal impellers, which greatly reduces its noise in operation; This air blower bump will bring your life a double advantage; This impeller and built-in bearing will greatly reduce noise spreading; While getting rid of the loud sound, this material of impeller will not increase the weight. Compact and Portable Construction: This high pressure air blower pump with a handle on the top is easy and convenient to transport or carry; The small size of this electric pump blower will take less space on your room, which is portable operation by one person independently.","Toys & Hobbies > Outdoor Play > Air Blowers","0","0","0","0","0","https://www.costway.co.uk/450w-air-duster-blower-pump-fan-ce.html?ff=4&fp=1329&utm_source=Dropship&utm_medium=Dropship&utm_campaign=Dropship","http://www.costway.co.uk/media/catalog/product/e/p/ep23230_1.png","http://www.costway.co.uk/media/catalog/product/4/5/450w_air_blower_for_long_time_use_inflatable_bouncer_blower-1.jpg","http://www.costway.co.uk/media/catalog/product/e/p/ep23230_1.png","http://www.costway.co.uk/media/catalog/product/4/5/450w_air_blower_for_long_time_use_inflatable_bouncer_blower-5.jpg","http://www.costway.co.uk/media/catalog/product/4/5/450w_air_blower_for_long_time_use_inflatable_bouncer_blower-3.jpg","http://www.costway.co.uk/media/catalog/product/4/5/450w_air_blower_for_long_time_use_inflatable_bouncer_blower-2.jpg","http://www.costway.co.uk/media/catalog/product/4/5/450w_air_blower_for_long_time_use_inflatable_bouncer_blower-4.jpg","http://www.costway.co.uk/media/catalog/product/4/5/450w_air_blower_for_long_time_use_inflatable_bouncer_blower-6.jpg","0"
"HW56190BK","HW56190","95064237","Steel Lockable Postbox Locking Home Letter Post Box Wall Mounted-Black","49.95","Material: Steel Colour: Black/White Size of post slot: 26.5 x 4 cm (L x W) Size of letterbox: 32.5 x 21 x 48 cm (W x D x H) (protrudes 250 mm from the wall as the letterbox includes spacers which need to be fitted behind) Net weight: 3.1 kg Box Qty:1(May vary by batch)Package includes: 1 x Letterbox 2 x Keys","This large letterbox offers plenty of space for letters, magazines, newspapers, etc. Easy to fix to any wall with 4 pre-drilled holes, the letterbox has 2 keys and an address/ name window making this suitable for both houses and apartments. If you are looking for such a product, do not hesitate to buy it. Large Capacity and Post Slot: Large capacity of the mailbox can store more letters. With a large post slot, it is also suitable for big letters. What's more, the fashion design is suitable for indoor or outdoor use, also the white and black color is available, you can select one suitable for your house. Premium Material: Made of high-quality steel and coated with molding powder, the mailbox is durable and rust-resistance. Such premium materials make this mailbox durable and stable enough for long-time daily use. Wall Mounted Letterbox: This mailbox can be quickly assembled with the included instruction and you can mount it on the wall, which will save space and be convenient for you. Lockable Design with Keys: Lockable design will provide higher safety for your letters. And two keys are offered, you can share the key with your family, which will be more convenient. Top Lid and Slot: This mailbox comes with a top lid, it can prevent your letters from being wetted by rain; And top slot means no issue with longer items, such as magazine, brochure.","Decor > Decorative Accessories > Outdoor Decor","52","1","0","0","0","https://www.costway.co.uk/steel-lockable-mailbox-locking-home-letter-post-box-wall-mounted-black.html?ff=4&fp=1342&utm_source=Dropship&utm_medium=Dropship&utm_campaign=Dropship","http://www.costway.co.uk/media/catalog/product/8/7/87_16.jpg","http://www.costway.co.uk/media/catalog/product/8/1/81_23.jpg","http://www.costway.co.uk/media/catalog/product/8/3/83_18.jpg","http://www.costway.co.uk/media/catalog/product/8/7/87_16.jpg","http://www.costway.co.uk/media/catalog/product/8/6/86_1_1.jpg","http://www.costway.co.uk/media/catalog/product/8/2/82_20.jpg","http://www.costway.co.uk/media/catalog/product/8/9/89_1_5.jpg","http://www.costway.co.uk/media/catalog/product/8/8/88_16.jpg","0"
"HW56190WH","HW56190","95064237","Steel Lockable Postbox Locking Home Letter Post Box Wall Mounted-White","44.95","Material: Steel Colour: Black/White Size of post slot: 26.5 x 4 cm (L x W) Size of letterbox: 32.5 x 21 x 48 cm (W x D x H) (protrudes 250 mm from the wall as the letterbox includes spacers which need to be fitted behind) Net weight: 3.1 kg Box Qty:1(May vary by batch)Package includes: 1 x Letterbox 2 x Keys","This large letterbox offers plenty of space for letters, magazines, newspapers, etc. Easy to fix to any wall with 4 pre-drilled holes, the letterbox has 2 keys and an address/ name window making this suitable for both houses and apartments. If you are looking for such a product, do not hesitate to buy it. Large Capacity and Post Slot: Large capacity of the mailbox can store more letters. With a large post slot, it is also suitable for big letters. What's more, the fashion design is suitable for indoor or outdoor use, also the white and black color is available, you can select one suitable for your house. Premium Material: Made of high-quality steel and coated with molding powder, the mailbox is durable and rust-resistance. Such premium materials make this mailbox durable and stable enough for long-time daily use. Wall Mounted Letterbox: This mailbox can be quickly assembled with the included instruction and you can mount it on the wall, which will save space and be convenient for you. Lockable Design with Keys: Lockable design will provide higher safety for your letters. And two keys are offered, you can share the key with your family, which will be more convenient. Top Lid and Slot: This mailbox comes with a top lid, it can prevent your letters from being wetted by rain; And top slot means no issue with longer items, such as magazine, brochure.","Decor > Decorative Accessories > Outdoor Decor","0","0","0","0","0","https://www.costway.co.uk/steel-lockable-mailbox-locking-home-letter-post-box-wall-mounted-white.html?ff=4&fp=1343&utm_source=Dropship&utm_medium=Dropship&utm_campaign=Dropship","http://www.costway.co.uk/media/catalog/product/h/w/hw56190wh_19__1_10.jpg","http://www.costway.co.uk/media/catalog/product/h/w/hw56190wh_19__1_10.jpg","http://www.costway.co.uk/media/catalog/product/h/w/hw56190wh_29__1_10.jpg","http://www.costway.co.uk/media/catalog/product/h/w/hw56190wh_20__1_10.jpg","http://www.costway.co.uk/media/catalog/product/h/w/hw56190wh_22__1_10.jpg","http://www.costway.co.uk/media/catalog/product/h/w/hw56190wh_18__1_10.jpg","http://www.costway.co.uk/media/catalog/product/h/w/hw56190wh_24__1_10.jpg","http://www.costway.co.uk/media/catalog/product/h/w/hw56190wh_25__1_10.jpg","0"
"SP0547BL","SP0547","69035741","Kids Aluminum Folding Stunt Scooter with LED Wheels-Blue","34.95","Box Qty:1(May vary by batch) Colour: Blue Material: Aluminum frame + PU wheels Product dimensions: 70 cm x 31 cm x 63-87 cm Folding dimensions: 88 cm x 31 cm x 23 cm Net weight: About 2 kg Weight capacity: 70 kg Suitable age: 4-13 years old Package includes: 1 x Kids scooter 1 x Instruction manual","Wear-resistant and shock-absorbing wheels can offer your kids a smooth and safe ride. If you’re looking for a present for your children, the well-designed kick scooter is a perfect choice. ● Folding system: Features with innovative easy folding mechanism frame, the 2 wheel scooter can be folded into a compact size, even the handles are foldable, you can take it to anywhere or store it conveniently. ● Large LED wheel: Equipped with extra large 120mm LED PU wheels, high-elastic, and wear-resistant, the wheels will flash when moving, offering a cool and smooth riding experience for kids, and it will not hurt the wood floor. ● Safe Kids Riding: Constructed of sturdy aluminium with non-slip thickened deck, it can withstand weight up to 70Kg, and there is a rear brake, ensuring a noise-free and fast stop, as well as helping kids stay in control and safety. ● Adjustable T-Bar: The telescoping locking T-bar can be adjusted in 3 levels, from 63 to 87 cm, which means you can adjust the height of this scooter as children grow. Besides, the handle grip is designed to be skin-friendly and comfortable for kids. ● Ideal Gift for Kids: Are you looking for a gift for your kids? The 2 wheels scooter is your best choice, we believe your kids will love it very much, it is also helpful to improve their balance and coordination ability.","Toys & Hobbies > Ride On Toys > Scooters","196","1","0","0","0","https://www.costway.co.uk/kids-aluminum-folding-stunt-scooter-with-led-wheels-blue.html?ff=4&fp=1354&utm_source=Dropship&utm_medium=Dropship&utm_campaign=Dropship","http://www.costway.co.uk/media/catalog/product/s/p/sp0547bl1_1.jpg","http://www.costway.co.uk/media/catalog/product/s/p/sp0547bl4_1.jpg","http://www.costway.co.uk/media/catalog/product/s/p/sp0547bl7_1.jpg","http://www.costway.co.uk/media/catalog/product/s/p/sp0547bl1_1.jpg","http://www.costway.co.uk/media/catalog/product/s/p/sp0547bl_3__13.jpg","http://www.costway.co.uk/media/catalog/product/s/p/sp0547bl8_1.jpg","http://www.costway.co.uk/media/catalog/product/s/p/sp0547bl5_1.jpg","http://www.costway.co.uk/media/catalog/product/s/p/sp0547bl6_1.jpg","0"
"SP0547RE","SP0547","69035741","Kids Aluminum Folding Stunt Scooter with LED Wheels-Red","34.95","Box Qty:1(May vary by batch) Colour: Red Material: Aluminum frame + PU wheels Product dimensions: 70 cm x 31 cm x 63-87 cm Folding dimensions: 88 cm x 31 cm x 23 cm Net weight: About 2 kg Weight capacity: 70 kg Suitable age: 4-13 years old Package includes: 1 x Kids scooter 1 x Instruction manual","Wear-resistant and shock-absorbing wheels can offer your kids a smooth and safe ride. If you’re looking for a present for your children, the well-designed kick scooter is a perfect choice. ● Folding system: Features with innovative easy folding mechanism frame, the 2 wheel scooter can be folded into a compact size, even the handles are foldable, you can take it to anywhere or store it conveniently. ● Large LED wheel: Equipped with extra large 120mm LED PU wheels, high-elastic, and wear-resistant, the wheels will flash when moving, offering a cool and smooth riding experience for kids, and it will not hurt the wood floor. ● Safe Kids Riding: Constructed of sturdy aluminium with non-slip thickened deck, it can withstand weight up to 70Kg, and there is a rear brake, ensuring a noise-free and fast stop, as well as helping kids stay in control and safety. ● Adjustable T-Bar: The telescoping locking T-bar can be adjusted in 3 levels, from 63 to 87 cm, which means you can adjust the height of this scooter as children grow. Besides, the handle grip is designed to be skin-friendly and comfortable for kids. ● Ideal Gift for Kids: Are you looking for a gift for your kids? The 2 wheels scooter is your best choice, we believe your kids will love it very much, it is also helpful to improve their balance and coordination ability.","Toys & Hobbies > Ride On Toys > Scooters","44","1","0","0","0","https://www.costway.co.uk/kids-aluminum-folding-stunt-scooter-with-led-wheels-red.html?ff=4&fp=1356&utm_source=Dropship&utm_medium=Dropship&utm_campaign=Dropship","http://www.costway.co.uk/media/catalog/product/s/p/sp0547re1_1.jpg","http://www.costway.co.uk/media/catalog/product/s/p/sp0547re2_1.jpg","http://www.costway.co.uk/media/catalog/product/s/p/sp0547re8_1.jpg","http://www.costway.co.uk/media/catalog/product/s/p/sp0547re1_1.jpg","http://www.costway.co.uk/media/catalog/product/s/p/sp0547re__3_15.jpg","http://www.costway.co.uk/media/catalog/product/s/p/sp0547re6_1.jpg","http://www.costway.co.uk/media/catalog/product/s/p/sp0547re7_1.jpg","http://www.costway.co.uk/media/catalog/product/s/p/sp0547re4_1.jpg","0"
"TL30106","TL30106color","14530267","150 kg Platform Cart Dolly Folding Foldable Moving Truck","38.95","Size: 72 x 48 cm Gross Weight: 8.5 kg Height: 83 cm with the wheel Maximum load: 150 kg Box Qty:1(May vary by batch)Package included: 1 x instruction manual 1 x hauling cart","Built with strong steel,it is well balanced and secure when heavy items are loaded. It runs smoothly, is easy to steer and easy to roll when pushing and pulling, making transportation work a breeze. This unit folds up tight and is lightweight and sturdy for stacking packages to easily maneuver across large bumps and tight corners. The assembly is simple and you can put the rotating wheels on the side with the handle so when you're pulling this dolly around by the handle it'll not drifting. Sturdy Steel Construction: Built with solid steel for long-term use and functionality, the push cart is well balanced and secure, and the wheels don't go every which way when loaded with heavy items. The non-slip surface and the support baffle can help prevent the boxes or other goods from sliding or falling. Excellent Mobility: This portable and lightweight platform cart makes the moving process much easier. Featuring a comfortable handle grip and the 360 degree rolling wheels, it would be easy to carry and maneuver a heavy load of 330 lbs weight with this dolly. You can pull as well when loading heavier stuff. Compact Folding Design: With its compact and portable folding design, you can fold down the handle easily to save space and store it anywhere you like. It fits in the trunk, in the closet, underneath the bed, anywhere in the house or in the backyard. It’s ideal for garage,basement, garden shed or any other limited space. Spacious Loading Platform: The flat cart is super handy for moving objects that are too big or too heavy to carry by one person. It comes with a large flatbed, with which you can stack quite a bit packages all on this cart at one time instead of walking back and forth several times, saving a lot of time and effort. Versatile Push Cart Dolly: The convenient dolly is lightweight and easy to pick up and put into the vehicle. It can be used to carry the heavy groceries, recyclable bins, wood planks, luggage, equipment, cargo, etc., or for trade shows. It's also very handy for the disabled or the elderly to get their outside work done.","Outdoor > Garden > Garden Tools","160","1","0","0","0","https://www.costway.co.uk/150kg-folding-platform-trolley-truck-hand-heavy-duty-flat-bed.html?ff=4&fp=1397&utm_source=Dropship&utm_medium=Dropship&utm_campaign=Dropship","http://www.costway.co.uk/media/catalog/product/1/_/1_93.jpg","http://www.costway.co.uk/media/catalog/product/1/_/1_93.jpg","http://www.costway.co.uk/media/catalog/product/2/_/2_108.jpg","http://www.costway.co.uk/media/catalog/product/9/_/9_26.jpg","http://www.costway.co.uk/media/catalog/product/3/_/3_106.jpg","http://www.costway.co.uk/media/catalog/product/7/_/7_69.jpg","http://www.costway.co.uk/media/catalog/product/1/1/11_20.jpg","http://www.costway.co.uk/media/catalog/product/8/_/8_44.jpg","0"
"HW55588OA","HW55588","28910547","Floor Standing Hat Coat Wood Hanger w/ Umbrella Rack Prestige-Oak","42.95","Material: Birch structure ,poplar hookColor: Black, mahogany, oak, whiteDesign: PrestigeSection: 6 clothes hooks + 6 scarf/hat/ trousers hooks + 1 umbrella rackDimensions: 51 x 184 cm( dia. &times; h) (detailed dimension in pic)Package included: 1 x coat stand Box Qty: 1(May vary by batch)","This elegant floor standing coat stand is finished with a light, slightly glossy aniline lacquer to protect your stand from natural elements and is made from unique quality birch and poplar wood. Ideal for hanging your coats, jackets and hats on, this supreme stand would look good in a hallway or anywhere in your home. This coat stand has a umbrella rack which is most useful for wet weather in uk. It must be a welcome addition to your room. More stable than other coat standComplete with section at base for umbrellas6 coat hooks&6 scarf/hat/ trousers hooks at the top ideal for coats Every top and edge are polished to protect users from scratching or stabbingStylish and practical shabby chic stand will add a touch of french glamour to any home","Furniture > Entryway > Coat Racks & Hall Trees","117","1","0","0","1","https://www.costway.co.uk/floor-standing-hat-coat-wood-hanger-w-umbrella-rack-prestige-oak.html?ff=4&fp=1418&utm_source=Dropship&utm_medium=Dropship&utm_campaign=Dropship","http://www.costway.co.uk/media/catalog/product/h/HW55588OA/12_Hooks_Freestanding_Coat_Rack_with_Umbrella_Holder_Natural-1.jpg","http://www.costway.co.uk/media/catalog/product/h/HW55588OA/12_Hooks_Freestanding_Coat_Rack_with_Umbrella_Holder_Natural-2.jpg","http://www.costway.co.uk/media/catalog/product/h/HW55588OA/12_Hooks_Freestanding_Coat_Rack_with_Umbrella_Holder_Natural-6.jpg","http://www.costway.co.uk/media/catalog/product/h/HW55588OA/12_Hooks_Freestanding_Coat_Rack_with_Umbrella_Holder_Natural-1.jpg","http://www.costway.co.uk/media/catalog/product/h/HW55588OA/12_Hooks_Freestanding_Coat_Rack_with_Umbrella_Holder_Natural-8.jpg","http://www.costway.co.uk/media/catalog/product/h/HW55588OA/12_Hooks_Freestanding_Coat_Rack_with_Umbrella_Holder_Natural-4.jpg","http://www.costway.co.uk/media/catalog/product/h/HW55588OA/12_Hooks_Freestanding_Coat_Rack_with_Umbrella_Holder_Natural-3.jpg","http://www.costway.co.uk/media/catalog/product/h/HW55588OA/12_Hooks_Freestanding_Coat_Rack_with_Umbrella_Holder_Natural-5.jpg","0"
"HW55588BK","HW55588","28910547","Floor Standing Hat Coat Wood Hanger w/ Umbrella Rack Prestige-Black","42.95","Material: Birch structure ,poplar hookColor: Black, mahogany, oak, whiteDesign: PrestigeSection: 6 clothes hooks + 6 scarf/hat/ trousers hooks + 1 umbrella rackDimensions: 51 x 184 cm( dia. &times; h) (detailed dimension in pic)Package included: 1 x coat stand Box Qty: 1(May vary by batch)","This elegant floor standing coat stand is finished with a light, slightly glossy aniline lacquer to protect your stand from natural elements and is made from unique quality birch and poplar wood. Ideal for hanging your coats, jackets and hats on, this supreme stand would look good in a hallway or anywhere in your home. This coat stand has a umbrella rack which is most useful for wet weather in uk. It must be a welcome addition to your room. More stable than other coat standComplete with section at base for umbrellas6 coat hooks&6 scarf/hat/ trousers hooks at the top ideal for coats Every top and edge are polished to protect users from scratching or stabbingStylish and practical shabby chic stand will add a touch of french glamour to any home","Furniture > Entryway > Coat Racks & Hall Trees","161","1","0","0","1","https://www.costway.co.uk/floor-standing-hat-coat-wood-hanger-w-umbrella-rack-prestige-black.html?ff=4&fp=1419&utm_source=Dropship&utm_medium=Dropship&utm_campaign=Dropship","http://www.costway.co.uk/media/catalog/product/h/HW55588BK/12_Hooks_Freestanding_Coat_Rack_with_Umbrella_Holder_Black-1.jpg","http://www.costway.co.uk/media/catalog/product/h/HW55588BK/12_Hooks_Freestanding_Coat_Rack_with_Umbrella_Holder_Black-6.jpg","http://www.costway.co.uk/media/catalog/product/h/HW55588BK/12_Hooks_Freestanding_Coat_Rack_with_Umbrella_Holder_Black-7.jpg","http://www.costway.co.uk/media/catalog/product/h/HW55588BK/12_Hooks_Freestanding_Coat_Rack_with_Umbrella_Holder_Black-1.jpg","http://www.costway.co.uk/media/catalog/product/h/HW55588BK/12_Hooks_Freestanding_Coat_Rack_with_Umbrella_Holder_Black-8.jpg","http://www.costway.co.uk/media/catalog/product/h/HW55588BK/12_Hooks_Freestanding_Coat_Rack_with_Umbrella_Holder_Black-4.jpg","http://www.costway.co.uk/media/catalog/product/h/HW55588BK/12_Hooks_Freestanding_Coat_Rack_with_Umbrella_Holder_Black-2.jpg","http://www.costway.co.uk/media/catalog/product/h/HW55588BK/12_Hooks_Freestanding_Coat_Rack_with_Umbrella_Holder_Black-3.jpg","0"
"HW55588MG","HW55588","28910547","Floor Standing Hat Coat Wood Hanger w/ Umbrella Rack Prestige-Mahogany","42.95","Material: Birch structure ,poplar hook Color: Black, mahogany, oak, white Design: Prestige Section: 6 clothes hooks + 6 scarf/hat/ trousers hooks + 1 umbrella rack Dimensions: 51 x 184 cm( dia. × h) (detailed dimension in pic) Box Qty:1(May vary by batch)Package Include: 1 x coat stand","This elegant floor standing coat stand is finished with a light, slightly glossy aniline lacquer to protect your stand from natural elements and is made from unique quality birch and poplar wood. Ideal for hanging your coats, jackets and hats on, this supreme stand would look good in a hallway or anywhere in your home. This coat stand has a umbrella rack which is most useful for wet weather in uk. It must be a welcome addition to your room. More stable than other coat standComplete with section at base for umbrellas6 coat hooks&6 scarf/hat/ trousers hooks at the top ideal for coats Every top and edge are polished to protect users from scratching or stabbingStylish and practical shabby chic stand will add a touch of french glamour to any home","Furniture > Entryway > Coat Racks & Hall Trees","184","1","0","0","1","https://www.costway.co.uk/floor-standing-hat-coat-wood-hanger-w-umbrella-rack-prestige-mahogany.html?ff=4&fp=1420&utm_source=Dropship&utm_medium=Dropship&utm_campaign=Dropship","http://www.costway.co.uk/media/catalog/product/h/HW55588MG/12_Hooks_Freestanding_Coat_Rack_with_Umbrella_Holder_Brown-1.jpg","http://www.costway.co.uk/media/catalog/product/h/HW55588MG/12_Hooks_Freestanding_Coat_Rack_with_Umbrella_Holder_Brown-2.jpg","http://www.costway.co.uk/media/catalog/product/h/HW55588MG/12_Hooks_Freestanding_Coat_Rack_with_Umbrella_Holder_Brown-6.jpg","http://www.costway.co.uk/media/catalog/product/h/HW55588MG/12_Hooks_Freestanding_Coat_Rack_with_Umbrella_Holder_Brown-1.jpg","http://www.costway.co.uk/media/catalog/product/h/HW55588MG/12_Hooks_Freestanding_Coat_Rack_with_Umbrella_Holder_Brown-7.jpg","http://www.costway.co.uk/media/catalog/product/h/HW55588MG/12_Hooks_Freestanding_Coat_Rack_with_Umbrella_Holder_Brown-4.jpg","http://www.costway.co.uk/media/catalog/product/h/HW55588MG/12_Hooks_Freestanding_Coat_Rack_with_Umbrella_Holder_Brown-3.jpg","http://www.costway.co.uk/media/catalog/product/h/HW55588MG/12_Hooks_Freestanding_Coat_Rack_with_Umbrella_Holder_Brown-5.jpg","0"
"HW55588WH","HW55588","28910547","Floor Standing Hat Coat Wood Hanger w/ Umbrella Rack Prestige-White","39.95","Material: Birch structure ,poplar hookColor: Black, mahogany, oak, whiteDesign: PrestigeSection: 6 clothes hooks + 6 scarf/hat/ trousers hooks + 1 umbrella rackDimensions: 51 x 184 cm( dia. &times; h) (detailed dimension in pic)Package included: 1 x coat stand Box Qty: 1(May vary by batch)","This elegant floor standing coat stand is finished with a light, slightly glossy aniline lacquer to protect your stand from natural elements and is made from unique quality birch and poplar wood. Ideal for hanging your coats, jackets and hats on, this supreme stand would look good in a hallway or anywhere in your home. This coat stand has a umbrella rack which is most useful for wet weather in uk. It must be a welcome addition to your room. More stable than other coat standComplete with section at base for umbrellas6 coat hooks&6 scarf/hat/ trousers hooks at the top ideal for coats Every top and edge are polished to protect users from scratching or stabbingStylish and practical shabby chic stand will add a touch of french glamour to any home","Furniture > Entryway > Coat Racks & Hall Trees","0","0","0","0","1","https://www.costway.co.uk/floor-standing-hat-coat-wood-hanger-w-umbrella-rack-prestige-white.html?ff=4&fp=1421&utm_source=Dropship&utm_medium=Dropship&utm_campaign=Dropship","http://www.costway.co.uk/media/catalog/product/h/HW55588WH/12_Hooks_Freestanding_Coat_Rack_with_Umbrella_Holder_White-1.jpg","http://www.costway.co.uk/media/catalog/product/h/HW55588WH/12_Hooks_Freestanding_Coat_Rack_with_Umbrella_Holder_White-2.jpg","http://www.costway.co.uk/media/catalog/product/h/HW55588WH/12_Hooks_Freestanding_Coat_Rack_with_Umbrella_Holder_White-6.jpg","http://www.costway.co.uk/media/catalog/product/h/HW55588WH/12_Hooks_Freestanding_Coat_Rack_with_Umbrella_Holder_White-1.jpg","http://www.costway.co.uk/media/catalog/product/h/HW55588WH/12_Hooks_Freestanding_Coat_Rack_with_Umbrella_Holder_White-8.jpg","http://www.costway.co.uk/media/catalog/product/h/HW55588WH/12_Hooks_Freestanding_Coat_Rack_with_Umbrella_Holder_White-4.jpg","http://www.costway.co.uk/media/catalog/product/h/HW55588WH/12_Hooks_Freestanding_Coat_Rack_with_Umbrella_Holder_White-3.jpg","http://www.costway.co.uk/media/catalog/product/h/HW55588WH/12_Hooks_Freestanding_Coat_Rack_with_Umbrella_Holder_White-5.jpg","0"
"TP10029","TP10029","23864017","Kids Wooden Kitchen Playset with Oven and 13-Pieces Cookware","84.95","Color: Pink, white Material: Pine wood, MDF Size: 60 x 30 x 62 cm ( L x W x H ) Net weight: 10 kg Box Qty:1(May vary by batch)Package includes: 1 x Kids toy kitchen set 1 x Assembly instruction","This play kitchen set with its compact stylish and lovely look makes young chefs love it! Realistic details will take make-believe fun to the next level! Your child can enjoy making a meal for you, or perhaps ""cooking"" dinner right alongside you. There is storage space available. Use them as functional spaces to hold any added food items or as tidy storage. It is an ideal present for your kid's birthday or Christmas! They will love to play with their friends and become more active. If you are looking for such a product, do not hesitate to buy it! Premium and Safe Material: Constructed by solid pine wood and MDF, this kitchen play set is durable and stable for your baby to play. Plaint in environmentally friendly paint that features no harmful odor so that your baby can play with it freely. This heavy, durable play set will stand up to years of wear and tear. Realist Details: With this pink strawberry kitchen, the little chef in your home will be busy cooking up some creativity. This kid-sized kitchen has all the essentials including a stove, pot, kettle, sink, shovel, ladle, apothecary jar, dish towel bar towel, etc. It also has working doors, knobs, and other gadgets such as the switch of the tap/oven. When your baby adjusts the switch of the oven, it will click and turn. This lovely pink and white kitchen is set up for plenty of imaginative make-believe play. Storage Space: There is a large space to store enough cookware. When you open the door, there are two layers. The sink is removable for easy cleanup. Great Gift: The kitchen play set provides numerous opportunities for interactive and imaginative play. Your child can enjoy making a meal for you, or perhaps ""cooking"" dinner right alongside you. Two young kids can cook together to cooperate and share happiness. It is an ideal present for your kids' birthday, or Christmas! They will love to play with their friends and become more active.","Toys & Hobbies > Pretend Toys > Play Kitchen Sets","140","1","0","0","0","https://www.costway.co.uk/kids-wooden-kitchen-playset-with-oven-and-13-pieces-cookware.html?ff=4&fp=1468&utm_source=Dropship&utm_medium=Dropship&utm_campaign=Dropship","http://www.costway.co.uk/media/catalog/product/t/TP10029/Kids_Wooden_Kitchen_Playset_with_Oven_and_13Pieces_Cookware-1.jpg","http://www.costway.co.uk/media/catalog/product/t/TP10029/Kids_Wooden_Kitchen_Playset_with_Oven_and_13Pieces_Cookware-1.jpg","http://www.costway.co.uk/media/catalog/product/t/TP10029/Kids_Wooden_Kitchen_Playset_with_Oven_and_13Pieces_Cookware-2.jpg","http://www.costway.co.uk/media/catalog/product/t/TP10029/Kids_Wooden_Kitchen_Playset_with_Oven_and_13Pieces_Cookware-3.jpg","http://www.costway.co.uk/media/catalog/product/t/TP10029/Kids_Wooden_Kitchen_Playset_with_Oven_and_13Pieces_Cookware_size-4.jpg","http://www.costway.co.uk/media/catalog/product/t/TP10029/Kids_Wooden_Kitchen_Playset_with_Oven_and_13Pieces_Cookware-9.jpg","http://www.costway.co.uk/media/catalog/product/t/TP10029/Kids_Wooden_Kitchen_Playset_with_Oven_and_13Pieces_Cookware-10.jpg","http://www.costway.co.uk/media/catalog/product/t/TP10029/Kids_Wooden_Kitchen_Playset_with_Oven_and_13Pieces_Cookware-5.jpg","0"
"HW56669SL","HW56669SL","54918063","A3 Adjustable Poster Stand Presentation Stand with Adjustable Height","28.95","Color: Black, Sliver Material: Aluminum alloy, Stainless steel External frame size: 45 x 33 cm (L x W) Poster size: 42 x 30 cm (L x W) Base diameter: 29 cm Adjustable height: 77 cm-134 cm Net Weight: 2 kg Box QTY: 1(May vary by batch) Package includes: 1 x Poster Stand 1 x Instruction Manual Is Assembly Required: Yes","This info stand boasts a premium aluminum alloy frame with a front-opening design, offering great durability, and it comes with a protective film for clear visibility and water resistance. The sturdy base, measuring 29 cm in diameter, can be filled with water for enhanced stability, and the anti-slip edges ensure it stays in place in busy areas. Besides, you can also adjust its height freely from 77 cm to 134 cm and rotate the frame 360° to optimize viewing angles. The foldable design with smooth mechanisms saves space, which is perfect for easy storage and carrying. Hence, this advertising stand fits any setting, including signage, menus, promotions, and more. Premium Aluminum Frame: Featuring a front-opening aluminum alloy frame, this info stand is sturdy and rustproof, ensuring long-term use. Besides, the protective film offers clear visibility and water resistance, maintaining a sleek appearance. Adjustable Height & 360° Rotation: Adjust the height of this poster stand freely from 77 cm to 134 cm to suit any setting. Meanwhile, the flexible connector allows the frame to pivot forward/backward and rotate 360° in portrait or landscape mode, ensuring optimal viewing angles for maximum impact. Sturdy & Stable Base: This advertising stand comes with a weighted stainless steel base (28 cm diameter) that can be filled with water for excellent support. Plus, the anti-slip edges add extra stability, making it ideal for high-traffic areas. Wide Application: Versatile and practical, this stand adapts to endless uses, such as signage, menus, promotions, advertisements, or event displays. Its minimalist design complements any environment, from retail stores to offices or trade shows. Foldable Design & Dimensions: The smooth folding mechanism attaches paper quickly, while the compact design saves space when not in use. The external frame size is 45 x 33 cm(L x W), and the poster size is 42 x 30 cm(L x W).","Furniture > Home Office > Presentation Supplies","97","1","0","0","0","https://www.costway.co.uk/a3-adjustable-poster-stand-display-snap-frame-sign-advertisement-holder-floor.html?ff=4&fp=1477&utm_source=Dropship&utm_medium=Dropship&utm_campaign=Dropship","http://www.costway.co.uk/media/catalog/product/h/HW56669SL/A3_Adjustable_Poster_Stand_Presentation_Stand_with_Adjustable_Height-2.jpg","http://www.costway.co.uk/media/catalog/product/h/HW56669SL/A3_Adjustable_Poster_Stand_Presentation_Stand_with_Adjustable_Height-1.jpg","http://www.costway.co.uk/media/catalog/product/h/HW56669SL/A3_Adjustable_Poster_Stand_Presentation_Stand_with_Adjustable_Height-2.jpg","http://www.costway.co.uk/media/catalog/product/h/HW56669SL/A3_Adjustable_Poster_Stand_Presentation_Stand_with_Adjustable_Height-3.jpg","http://www.costway.co.uk/media/catalog/product/h/HW56669SL/A3_Adjustable_Poster_Stand_Presentation_Stand_with_Adjustable_Height-4.jpg","http://www.costway.co.uk/media/catalog/product/h/HW56669SL/A3_Adjustable_Poster_Stand_Presentation_Stand_with_Adjustable_Height-5.jpg","http://www.costway.co.uk/media/catalog/product/h/HW56669SL/A3_Adjustable_Poster_Stand_Presentation_Stand_with_Adjustable_Height-6.jpg","http://www.costway.co.uk/media/catalog/product/h/HW56669SL/A3_Adjustable_Poster_Stand_Presentation_Stand_with_Adjustable_Height-7.jpg","0"
"HW56668SL","HW56668","84507916","360 Degrees Rotatable A4 Poster Stand with Adjustable Height-Silver","24.95","Material of frame: Aluminium alloy Material of base: Stainless steel External frame size: 32.7 x 24 cm (L x W) Poster size: 29 x 21 cm (About A4 size) Base diameter: 28 cm Adjustable height: 83 cm-130 cm Border thickness: 0.4 mm Box Qty:1(May vary by batch)Package includes: 1 x Display stand 1 x Instruction manual 1 x Fixings","Height adjustable stand for both landscape and portrait A4 displays. In addition to portrait and landscape use, the snap frame can be rotated 360 degrees encouraging people to browse from different directions. Useful for various occasions the height can easily be adjusted according to your requirements. If you are looking for such a product, do not hesitate to buy it! 360-degree rotatable snap frame Easy to assemble and dismantle A water-filled base with a metal cover to increase the stability of the stand Adjust the height easily Rounded smooth corners to protect from being scratched Ideal for use in shops, supermarkets, schools, offices, factories, exhibition, etc","Furniture > Home Office","247","1","0","0","0","https://www.costway.co.uk/a4-display-adjustable-poster-stand.html?ff=4&fp=1478&utm_source=Dropship&utm_medium=Dropship&utm_campaign=Dropship","http://www.costway.co.uk/media/catalog/product/h/HW56668SL/Silver_360_Rotatable_A4_Poster_Sign_Stand_with_Adjustable_Height-1.jpg","http://www.costway.co.uk/media/catalog/product/h/HW56668SL/Silver_360_Rotatable_A4_Poster_Sign_Stand_with_Adjustable_Height-1.jpg","http://www.costway.co.uk/media/catalog/product/h/HW56668SL/Silver_360_Rotatable_A4_Poster_Sign_Stand_with_Adjustable_Height-2.jpg","http://www.costway.co.uk/media/catalog/product/h/HW56668SL/Silver_360_Rotatable_A4_Poster_Sign_Stand_with_Adjustable_Height-3.jpg","http://www.costway.co.uk/media/catalog/product/h/HW56668SL/Silver_360_Rotatable_A4_Poster_Sign_Stand_with_Adjustable_Height-5.jpg","http://www.costway.co.uk/media/catalog/product/h/HW56668SL/Silver_360_Rotatable_A4_Poster_Sign_Stand_with_Adjustable_Height-6.jpg","http://www.costway.co.uk/media/catalog/product/h/HW56668SL/Silver_360_Rotatable_A4_Poster_Sign_Stand_with_Adjustable_Height-7.jpg","http://www.costway.co.uk/media/catalog/product/h/HW56668SL/Silver_360_Rotatable_A4_Poster_Sign_Stand_with_Adjustable_Height-8.jpg","0"
"HW57074","HW57074","67509132","Italian Styled Globe Drinks Cabinet with Wheels","119.95","Material: Wood + plastic Overall size: 47 x 47 x 90 cm Diameter of base: 360 mm Box Qty:1(May vary by batch)Package includes: 1 x Globe drink cabinet 1 x Instruction manual","Are you still bothered by the clutter of bottles? This globe wine bar stand is your best choice. The liquor bottle shelf offers ample storage space to keep various items like wine, brandy, cup and more, keeping your room neat and saving space. Craftsmanship: Crafted out of solid and natural eucalyptus wood, this wine bar stand features a durable and sturdy frame. With easy mobility, the wine bar cabinet can move smoothly to many places like wine cellar and hallway. This wine cabinet is ideal for office, kitchen, study and resting room for its retro globe style. Buy one and add a graceful addition for your home. If you are looking for a globe wine bar stand like this, do not hesitate to place an order! 2-Tier Design for Wine Collection: With top globe holder and bottom rack, the replica bar stand has a large capacity for storing and presenting liquor bottles. The globe opens to reveal a middle bar and side grooves for storing wine and glasses, separately. The bottom shelf offers additional storage to classify various bottles like wine, brandy, whiskey. Vintage Painting Appearance: Using global map design and excellent hand-craft tech, the retro brown bar cart is full of old world charm, looking elegant and retro. Outer inner painting and turned leg spice up the wine cart cabinet, allowing the stand to be suitable for home, office, bar and other occasions as a delicate addition. Rolling Compact Cart: Equipped with 3 swivelling wheels at the bottom, the liquor bottle cart has great mobility, and it can move around smoothly and quietly without scratches on the floor. And the baffle plate protects bottles from falling out. The compact design makes it become more exquisite and effectively saves space. Premium Material and Stable Stand: Crafted with premium plastic, the liquor bottle flip holder has the advantages of durability and wear-resistance for long term use. Moreover, the solid and natural eucalyptus wood material will greatly enhance the stability of the wine rack, not easy to wobble. Easy Assembly and Clean-up: All needed parts, hardware, accessories and step-by-step illustrated instruction are included in the package, the wine cabinet is very easy to be installed. In addition, the smooth and wear-resistance surface is easy to be cleaned with a cloth or towel in a short time.","Kitchen > Kitchen Organization > Wine Racks","0","0","0","0","0","https://www.costway.co.uk/wood-globe-drink-cabinet-wine-bar-minibar-beverage-stand-bottle-italian-360mm.html?ff=4&fp=1518&utm_source=Dropship&utm_medium=Dropship&utm_campaign=Dropship","http://www.costway.co.uk/media/catalog/product/h/w/hw57074-4.jpg","http://www.costway.co.uk/media/catalog/product/h/w/hw57074-4.jpg","http://www.costway.co.uk/media/catalog/product/7/1/717iig-4dql._ac_sl1200_.jpg","http://www.costway.co.uk/media/catalog/product/7/1/717ixvltjhl._ac_sl1200_.jpg","http://www.costway.co.uk/media/catalog/product/h/w/hw57074-14.jpg","http://www.costway.co.uk/media/catalog/product/h/w/hw57074-10.jpg","http://www.costway.co.uk/media/catalog/product/h/w/hw57074-6.jpg","http://www.costway.co.uk/media/catalog/product/h/w/hw57074-5.jpg","0"
"NP10876","NP10876","25418397","Charcoal BBQ Grill with Wheels and Shelves for Camping Picnic Party","89.95","Colour: Black Material: Steel+ Wood Product Dimensions: 114 x 62 x 105 cm (L x W x H) Cooking Surface Area: 62 x 30 cm (L x W) Net Weight: 15 kg Box Qty:1(May vary by batch)Package Includes: 1 x BBQ Charcoal Grill Kit 1 x Instruction Manual","Surrounded by savoury aromas and enjoy delicious food with this BBQ Charcoal Grill! This outdoor fire pit feature is unique and stylish design with durable high quality steel construction. With smoker and charcoal grill, you can experience grilled and smoked meats at the same time. Featuring the built-in thermometer, precise temperature control is guaranteed to achieve the best performance. As for food preparation, the side table and bottom shelf provide ample space useful for keeping ingredients, tools, and accessories close at hand while grilling. With two large wheels, the grill can be easily transported from place to place, perfect for all sorts of outdoor activities from backyard party to camping. Let us enjoy a happy BBQ pleasure with family or friends! Sturdy Construction and Spacious Cooking Area: Made from heavy-duty iron in rust-proof black finish, this charcoal grill will provide years of durability and stability. The wire grate offers ample cooking space, suitable for parties of 8-10 people.2-Storage Rack for Food Preparation: Keep all your grilling essentials within easy reach on the 2 available shelves. The front wooden side tables offer extra work or prep space to put on various seasonings, and the lower grid shelf is great for keeping food, utensils, plates and charcoal.Adjustable Air Vent and Heat Control: Whether you are using chimney or side vent to regulate heat, you are able to maximize airflow achieving an increased heating efficiency. Built-in thermometer ensures accurate temperature control and easy-to-read gauge helps you achieve perfectly grilled foods.2 Rolling Wheels: The grill comes with two durable wheels, allowing you to easily move it around the yard. This grill is perfect for any outdoor space like backyard, garden, courtyard, terrace and balcony of most family, Barbecue parties can be started in any season.Oil Catcher and Wooden Handle: The convenient oil catcher facilitates hassle-free clean-up and offers convenient oil disposal. The cup is also detachable for dumping the residues during the longtime grilling. Wooden handle effectively prevents you from being burnt.","Outdoor > Outdoor Grills","4","1","0","0","0","https://www.costway.co.uk/outdoor-bbq-grill-charcoal-barbecue-steel-pit-patio-backyard-meat-cooker-smoker.html?ff=4&fp=1690&utm_source=Dropship&utm_medium=Dropship&utm_campaign=Dropship","http://www.costway.co.uk/media/catalog/product/n/NP10876/NP10876-1.jpg","http://www.costway.co.uk/media/catalog/product/n/NP10876/NP10876-1.jpg","http://www.costway.co.uk/media/catalog/product/n/NP10876/NP10876-2.jpg","http://www.costway.co.uk/media/catalog/product/n/NP10876/NP10876-3.jpg","http://www.costway.co.uk/media/catalog/product/n/NP10876/NP10876-4.jpg","http://www.costway.co.uk/media/catalog/product/n/NP10876/NP10876-5.jpg","http://www.costway.co.uk/media/catalog/product/n/NP10876/NP10876-6.jpg","http://www.costway.co.uk/media/catalog/product/n/NP10876/NP10876-7.jpg","0"
"HW47908BK","HW47908","16492783","Foldable Cube Ottoman Pouffe Storage Seat-Black","44.95","Single seater Material: PU leather/wood frame Sponge density: Sponge 26 - 28 Color: Black/brown/white Size: Approx 40 x 40 x 40 cm (L x W x H) Max load: 150 kg Box Qty:1(May vary by batch)Package include:&nbsp; 1 x Ottoman storage stool Note:&nbsp; 1. Due to the manufacturing process. The colour may vary in shade of the colour shown&nbsp; 2. Please allow 1-3cm measuring deviation due to manual measurement.&nbsp; 3. The color of line of double ottoman is not the white line in the pic, if you mind, pls don't order.","This is a foldable black pouffe storage seat with a hinged top. This foldable storage stool is great for storing personal items, such as toys, blankets, books, gaming accessories, etc. Made of PU leather, the soft surface is comfortable for either sitting on or resting your feet. Easy to clean with a damp cloth or wipe. The strong wooden frame is able to support up to 150kg. If you are looking for this kind of product, please do not miss this one. It must be your best choice! Brand new and high quality Stylish and functional Great addition to any home or office PU leather, easy to clean Comfortable padded seat Hinged seat to provide a generous storage space Ideal for toys, blanket, books, gaming accessories etc. No assembly required","Furniture > Living Room > Ottomans","264","1","0","0","0","https://www.costway.co.uk/faux-leather-ottoman-pouffe-storage-toy-box-foot-stools-1-2-seater-bench-seat-black.html?ff=4&fp=1771&utm_source=Dropship&utm_medium=Dropship&utm_campaign=Dropship","http://www.costway.co.uk/media/catalog/product/s/1/s1_9_13.jpg","http://www.costway.co.uk/media/catalog/product/s/1/s1_9_13.jpg","http://www.costway.co.uk/media/catalog/product/s/2/s2_9_13.jpg",,,,,,"0"
"HW47908BN","HW47908","16492783","Foldable Cube Ottoman Pouffe Storage Seat-Brown","49.95","Single seater Material: PU leather/wood frame Sponge density: Sponge 26 - 28 Color: Black/brown/white Size: Approx 40 x 40 x 40 cm (L x W x H) Max load: 150 kg Box Qty:1(May vary by batch)Package include:&nbsp; 1 x Ottoman storage stool Note:&nbsp; 1. Due to the manufacturing process. The colour may vary in shade of the colour shown&nbsp; 2. Please allow 1-3cm measuring deviation due to manual measurement.&nbsp; 3. The color of line of double ottoman is not the white line in the pic, if you mind, pls don't order.","This is a foldable black pouffe storage seat with a hinged top. This foldable storage stool is great for storing personal items, such as toys, blankets, books, gaming accessories, etc. Made of PU leather, the soft surface is comfortable for either sitting on or resting your feet. Easy to clean with a damp cloth or wipe. The strong wooden frame is able to support up to 150kg. If you are looking for this kind of product, please do not miss this one. It must be your best choice! Brand new and high quality Stylish and functional Great addition to any home or office PU leather, easy to clean Comfortable padded seat Hinged seat to provide a generous storage space Ideal for toys, blanket, books, gaming accessories etc. No assembly required","Furniture > Living Room > Ottomans","192","1","0","0","0","https://www.costway.co.uk/faux-leather-ottoman-pouffe-storage-toy-box-foot-stools-1-2-seater-bench-seat-brown.html?ff=4&fp=1772&utm_source=Dropship&utm_medium=Dropship&utm_campaign=Dropship","http://www.costway.co.uk/media/catalog/product/s/3/s3_9_14.jpg","http://www.costway.co.uk/media/catalog/product/s/3/s3_9_14.jpg","http://www.costway.co.uk/media/catalog/product/s/5/s5_8_14.jpg","http://www.costway.co.uk/media/catalog/product/s/4/s4_8_14.jpg",,,,,"0"
"HW47908WH","HW47908","16492783","Foldable Cube Ottoman Pouffe Storage Seat-White","49.95","Material: PU leather/wood frame Sponge density: Sponge 26 - 28 Colour: Black/brown/white Size: Approx 40 x 40 x 40 cm (L x W x H) Max load: 150 kg Box Qty:1(May vary by batch)Package includes: 1 x Ottoman storage stool Note: 1. Due to the manufacturing process. The colour may vary in shade of the colour shown 2. Please allow 1-3cm measuring deviation due to manual measurement. 3. The color of line of double ottoman is not the white line in the pic, if you mind, pls don't order.","This is a foldable black pouffe storage seat with a hinged top. This foldable storage stool is great for storing personal items, such as toys, blankets, books, gaming accessories, etc. Made of PU leather, the soft surface is comfortable for either sitting on or resting your feet. Easy to clean with a damp cloth or wipe. The strong wooden frame is able to support up to 150kg. If you are looking for this kind of product, please do not miss this one. It must be your best choice! Brand new and high quality Stylish and functional Great addition to any home or office PU leather, easy to clean Comfortable padded seat Hinged seat to provide a generous storage space Ideal for toys, blanket, books, gaming accessories etc. No assembly required","Furniture > Living Room > Ottomans","41","1","0","0","0","https://www.costway.co.uk/faux-leather-ottoman-pouffe-storage-toy-box-foot-stools-1-2-seater-bench-seat-white.html?ff=4&fp=1773&utm_source=Dropship&utm_medium=Dropship&utm_campaign=Dropship","http://www.costway.co.uk/media/catalog/product/s/6/s6_8_15.jpg","http://www.costway.co.uk/media/catalog/product/s/6/s6_8_15.jpg","http://www.costway.co.uk/media/catalog/product/s/7/s7_8_15.jpg","http://www.costway.co.uk/media/catalog/product/s/8/s8_8_15.jpg",,,,,"0"
"OP3125TRBK","OP3125color","35072196","Door Canopy Awning Shelter Front Back Porch Window Roof Outdoor Shade 100*100CM-Black","29.95","Material: Polycarbonate + aluminum Size: 100 x 100 x 28cm (L*W*H) Box Qty:1(May vary by batch)Package includes:&nbsp; 1 x Canopy awning 1 x Instruction","Our canopy awning shelter is an ideal protection from various weather elements. Therefore, your guests do not need to wait outside without any shelter under bad weather condition. Three colors offered. Brand new and high quality Three colors available, more choices Anticorrosion canopy awning can serve you for a long time Versatile design, suitable for door, window, porch, patio, etc Easy to transport and assemble; Several canopy awnings can be spliced together With polycarbonate sheet and sturdy aluminum bracket, this canopy awning is weather-resistance and UV-protected","Outdoor > Outdoor Shades > Awnings","0","0","0","0","0","https://www.costway.co.uk/door-canopy-awning-shelter-front-back-porch-window-roof-outdoor-shade-100-100cm-black.html?ff=4&fp=1811&utm_source=Dropship&utm_medium=Dropship&utm_campaign=Dropship","http://www.costway.co.uk/media/catalog/product/o/OP3125TRBK/Door_Canopy_Awning_Shelter_trbk-3.jpg","http://www.costway.co.uk/media/catalog/product/o/OP3125TRBK/Door_Canopy_Awning_Shelter_trbk-1.jpg","http://www.costway.co.uk/media/catalog/product/o/OP3125TRBK/Door_Canopy_Awning_Shelter_trbk-3.jpg","http://www.costway.co.uk/media/catalog/product/o/OP3125TRBK/Door_Canopy_Awning_Shelter_trbk-2.jpg","http://www.costway.co.uk/media/catalog/product/o/OP3125TRBK/Door_Canopy_Awning_Shelter_trbk_size-4.jpg","http://www.costway.co.uk/media/catalog/product/o/OP3125TRBK/Door_Canopy_Awning_Shelter_trbk-5.jpg","http://www.costway.co.uk/media/catalog/product/o/OP3125TRBK/Door_Canopy_Awning_Shelter_trbk-6.jpg","http://www.costway.co.uk/media/catalog/product/o/OP3125TRBK/Door_Canopy_Awning_Shelter_trbk-7.jpg","0"
"OP3125TRGR","OP3125color","35072196","Door Canopy Awning Shelter Front Back Porch Window Roof Outdoor Shade 100*100CM-Gray","29.95","Material: Polycarbonate + aluminum Size: 100 x 100 x 28cm (L*W*H) Box Qty:1(May vary by batch)Package includes:&nbsp; 1 x Canopy awning 1 x Instruction","Our canopy awning shelter is an ideal protection from various weather elements. Therefore, your guests do not need to wait outside without any shelter under bad weather condition. Three colors offered. Brand new and high quality Three colors available, more choices Anticorrosion canopy awning can serve you for a long time Versatile design, suitable for door, window, porch, patio, etc Easy to transport and assemble; Several canopy awnings can be spliced together With polycarbonate sheet and sturdy aluminum bracket, this canopy awning is weather-resistance and UV-protected","Outdoor > Outdoor Shades > Awnings","0","0","0","0","0","https://www.costway.co.uk/door-canopy-awning-shelter-front-back-porch-window-roof-outdoor-shade-100-100cm-gray.html?ff=4&fp=1812&utm_source=Dropship&utm_medium=Dropship&utm_campaign=Dropship","http://www.costway.co.uk/media/catalog/product/o/OP3125TRGR/Door_Canopy_Awning_Shelter_trgr-3.jpg","http://www.costway.co.uk/media/catalog/product/o/OP3125TRGR/Door_Canopy_Awning_Shelter_trgr-1.jpg","http://www.costway.co.uk/media/catalog/product/o/OP3125TRGR/Door_Canopy_Awning_Shelter_trgr-3.jpg","http://www.costway.co.uk/media/catalog/product/o/OP3125TRGR/Door_Canopy_Awning_Shelter_trgr-2.jpg","http://www.costway.co.uk/media/catalog/product/o/OP3125TRGR/Door_Canopy_Awning_Shelter_trgr_size-4.jpg","http://www.costway.co.uk/media/catalog/product/o/OP3125TRGR/Door_Canopy_Awning_Shelter_trgr-5.jpg","http://www.costway.co.uk/media/catalog/product/o/OP3125TRGR/Door_Canopy_Awning_Shelter_trgr-6.jpg","http://www.costway.co.uk/media/catalog/product/o/OP3125TRGR/Door_Canopy_Awning_Shelter_trgr-7.jpg","0"
"OP3125BNBK","OP3125color","35072196","Door Canopy Awning Shelter Front Back Porch Window Roof Outdoor Shade 100*100CM-Brown","36.95","Material: Polycarbonate + aluminum Size: 100 x 100 x 28cm (L*W*H) Box Qty:1(May vary by batch)Package includes:&nbsp; 1 x Canopy awning 1 x Instruction","Our canopy awning shelter is an ideal protection from various weather elements. Therefore, your guests do not need to wait outside without any shelter under bad weather condition. Three colors offered. Brand new and high quality Three colors available, more choices Anticorrosion canopy awning can serve you for a long time Versatile design, suitable for door, window, porch, patio, etc Easy to transport and assemble; Several canopy awnings can be spliced together With polycarbonate sheet and sturdy aluminum bracket, this canopy awning is weather-resistance and UV-protected","Outdoor > Outdoor Shades > Awnings","0","0","0","0","0","https://www.costway.co.uk/door-canopy-awning-shelter-front-back-porch-window-roof-outdoor-shade-100-100cm-brown.html?ff=4&fp=1813&utm_source=Dropship&utm_medium=Dropship&utm_campaign=Dropship","http://www.costway.co.uk/media/catalog/product/o/OP3125BNBK/Door_Canopy_Awning_Shelter_bnbk-3.jpg","http://www.costway.co.uk/media/catalog/product/o/OP3125BNBK/Door_Canopy_Awning_Shelter_bnbk-1.jpg","http://www.costway.co.uk/media/catalog/product/o/OP3125BNBK/Door_Canopy_Awning_Shelter_bnbk-3.jpg","http://www.costway.co.uk/media/catalog/product/o/OP3125BNBK/Door_Canopy_Awning_Shelter_bnbk-2.jpg","http://www.costway.co.uk/media/catalog/product/o/OP3125BNBK/Door_Canopy_Awning_Shelter_bnbk_size-4.jpg","http://www.costway.co.uk/media/catalog/product/o/OP3125BNBK/Door_Canopy_Awning_Shelter_bnbk-5.jpg","http://www.costway.co.uk/media/catalog/product/o/OP3125BNBK/Door_Canopy_Awning_Shelter_bnbk-6.jpg","http://www.costway.co.uk/media/catalog/product/o/OP3125BNBK/Door_Canopy_Awning_Shelter_bnbk-7.jpg","0"
"JZ10125WH","JZ10125","54201678","Extra Wide Wooden Vertical Shoe Rack with 7 Shelves-White","34.95","Colour: White Material: Premium density board Overall dimension: 45 cm x 26 cm x 110 cm (L x W x H) Distance from each shelf: 13 cm Distance between bottom two layers: 19 cm Weight: 12 kg Weight capacity per shelf: 10 kg Box Qty:1(May vary by batch)Package includes: 1 x Wooden shoe rack 1 x Instruction manual","Made from P2, premium MDF, which has been coated with a water-resistant black or white covering, this vertical shelving unit is ideal for shoes although it could be used as a shelving unit for ornaments or books. Vertical storage is ideal when space is limited and it can be used in the hallway, porch, bathroom or any room where storage like this is required. If you are looking for such a product, do not hesitate to buy it! 7-Tier Storage Space: This double rows shoe rack is designed with 7 oversized layers, providing plenty of space to store at least 14 pairs. And the bottom two tiers are slightly higher than others, which is ideal for putting on high heels or jackboots. Beyond that, the top shelf helps you put photo frames, plants, keys and other items. Space-saving and Multifunctional Shelf: With a vertical and compact design, the shoe shelves is an ideal storage solution for any narrow or tiny space. Besides arranging your shoes, this storage stand can also be a neat organizer for books, plants, bathroom essentials and other items. Sturdy and Durable Structure: Made of premium MDF material, the shoe tower is sturdy and durable for a long lifespan. With a firm screw connection and a square base, the shoe unit features great stability and is not easy to deform. And the smooth surface also makes this shoe rack easy to clean and maintain after use. Minimalist and Chic Style: Designed with minimalist style, this shoe storage rack will add a touch of elegance and charm to your living space, blending perfectly with any decor. Combined practicality with aesthetics, the 7-tier shoe holder is suitable for hallway, entryway, closet, dorm, etc. Simple Assembly: Coming with the necessary hardware and detailed installation, you can assemble this shoe shelf effortlessly even if you don't have great DIY skills. With a lightweight design, this shoe rack is very convenient for moving and transit. It will also be a great addition to your entryway.","Furniture > Entryway > Shoe Racks & Storage Benches","76","1","0","0","0","https://www.costway.co.uk/7-tier-double-shoe-storage-rack-stand-organiser-unit-shoe-shelf-home-wood.html?ff=4&fp=1821&utm_source=Dropship&utm_medium=Dropship&utm_campaign=Dropship","http://www.costway.co.uk/media/catalog/product/_/1/_1_14_1.jpg","http://www.costway.co.uk/media/catalog/product/_/2/_2_20_1.jpg","http://www.costway.co.uk/media/catalog/product/_/3/_3_4_2.jpg","http://www.costway.co.uk/media/catalog/product/_/1/_1_14_1.jpg","http://www.costway.co.uk/media/catalog/product/w/h/white3.jpg","http://www.costway.co.uk/media/catalog/product/_/4/_4_6.jpg","http://www.costway.co.uk/media/catalog/product/_/9/_9.jpg","http://www.costway.co.uk/media/catalog/product/_/8/_8.jpg","0"
"EP23608","EP23608","61408297","680W Powerful Inflatable Bouncy Air Blower with Handle","119.95","Colour: Yellow + green Main material: High grade PP Overall dimensions: 44 cm x 26 cm x 42 cm (L x W x H) Power: 680W Voltage: 220 - 240 V Outlet diameter: 12 cm Net weight: 7.5 kg Air volume: 324 cfm Wind pressure: 1850 pa Rotating speed: 3300 r/min Box Qty:1(May vary by batch) Package includes: 1 x Air blower 1 x Instruction manual","This powerful inflatable bouncer blower provides full and fast inflation. High-quality metal impellers greatly reduce its noise in operation, working well with outdoor inflatable bounce houses, bouncy castles, water slides, inflatable obstacle courses, inflatable jumpers and other inflatable bouncers. If you are looking for a blower like this, do not hesitate to place an order! ● Upgrade Safety Air Blower: The electric air blower has a clear cover on the switch, which is safe enough for you to turn on/off in case it gets wet. There are 2 wire meshes covering 2 vents, which can protect the hands from getting cut when on working status. The portable air blower pump uses a particular built-in bearing, which performs better than other plastic ones; the air blower pump engine runs more smoothly. ● Wide Usage to Meet Various Needs: We combine the yellow and the green together for the first time, which had an unexpected effect. You can find that the bright colours are lively and fashionable. Quickly filling and greatly air flowing, this air blower pump fan works well with outdoor bounce houses, water slides, obstacle courses, air sofas and other suitable inflatable bouncers. ● Easy Operation: The air blower pump has 13 feet long power cord, easy-handhold grip design, which makes it convenient to inflate products and be a time saver for any occasion. It is also an air blower which can be fixed, as there are four holes in the base of the blower. You can find some screws to hold the blower according to your needs, which is good for stability. ● Silent Mode: This air blower pump uses high-quality metal impellers, which greatly reduces its noise in operation; This air blower pump will bring your life a double advantage; This impeller and built-in bearing will greatly reduce noise spreading; While getting rid of the loud sound, this material of impeller will not increase the weight. ● Compact and Portable Construction: This high pressure air blower pump with a handle on the top is easy and convenient to transport or carry; The small size of this electric pump blower will take less space in your room, which is portable operation by one person independently.","Toys & Hobbies > Outdoor Play > Air Blowers","0","0","0","0","0","https://www.costway.co.uk/680w-powerful-inflatable-bouncy-air-blower-with-handle.html?ff=4&fp=1885&utm_source=Dropship&utm_medium=Dropship&utm_campaign=Dropship","http://www.costway.co.uk/media/catalog/product/e/p/ep23608_1_1.jpg","http://www.costway.co.uk/media/catalog/product/e/p/ep23608_7.jpg","http://www.costway.co.uk/media/catalog/product/e/p/ep23608_5.jpg","http://www.costway.co.uk/media/catalog/product/e/p/ep23608_1_1.jpg","http://www.costway.co.uk/media/catalog/product/e/p/ep23608_6_1.jpg","http://www.costway.co.uk/media/catalog/product/e/p/ep23608_4.jpg","http://www.costway.co.uk/media/catalog/product/g/3/g3_1_4.jpg","http://www.costway.co.uk/media/catalog/product/e/p/ep23608_9_1.jpg","0"
"SP36258","SP36258","18692403","Double-sided Football Rebounder Net","26.95","Material: PE net + iron frame Colour: Blue &amp; black Size: 100 x 100 cm (L x W) Box Qty:1(May vary by batch)Is Assembly Required: YesPackage includes:&nbsp; 1 x Double-sided football rebounder net 1 x Instruction manual","The doubled-sided football pro rebounder net is great for improving your skills with a football. The double-sided football pro rebounder net is a perfect training partner to practice skills, such as passing, shooting, heading. With a heavy-duty net and a sturdy frame, it is suitable for both children and adults. A useful way to practise football skills on your own. If you are looking for such a product, do not hesitate to buy it! High quality Heavy-duty net with sturdy iron frame, suitable for both children and adults Improves hand-eye coordination, reaction speed and muscle strength Perfect for practising skills, such as passing, shooting, goalkeeping and heading A multi-angle and adjustable panel creates a more realistic practice environment Professional training tool with double-sided design suits for training together or solo Simple to assemble following instructions provided","Sports > Sport Equipments","0","0","0","0","0","https://www.costway.co.uk/double-sided-football-pro-rebounder-net-training-adjustable-kickback-soccer.html?ff=4&fp=1917&utm_source=Dropship&utm_medium=Dropship&utm_campaign=Dropship","http://www.costway.co.uk/media/catalog/product/2/_/2_124_1.jpg","http://www.costway.co.uk/media/catalog/product/6/1/613r6qe6rql._ac_.jpg","http://www.costway.co.uk/media/catalog/product/4/_/4_122_1.jpg","http://www.costway.co.uk/media/catalog/product/2/_/2_124_1.jpg","http://www.costway.co.uk/media/catalog/product/s/i/size.jpg","http://www.costway.co.uk/media/catalog/product/s/p/sp36258.jpg","http://www.costway.co.uk/media/catalog/product/1/s/1sp36258.jpg","http://www.costway.co.uk/media/catalog/product/3/_/3_117_1.jpg","0"
"ES10359GB-YW","ES10359GB-YW","15780639","2000W 1.8L Multipurpose Adjustable Steam Cleaner with 13 Accessories","109.95","Color: Yellow Material: PP, Stainless Steel Size of steamer: 38 x 26 x 25 cm (L x W x H) Length of soft pipe: 150 cm Length of power cord: 500 cm Voltage: 220V-240V AC 50Hz Power: 2000W Max operating temp: 160°C Heating time: 8 Minutes Max working pressure: 5 Bar Tank capacity: 1.8L Net weight: 5 kg Box Qty:1(May vary by batch)Is Assembly Required: Yes Package includes: 1 x Steam cleaner 2 x Extension tube 1 x Floor scrub brush 1 x Floor scrub brush cleaning cloth 1 x Floor scrub brush adaptor 1 x Small tip adaptor 1 x Rectangle brush 1 x Medium brush 1 x Small brush 1 x Small power jet tip - angled 1 x Rotating brush 1 x Window squeegee 1 x Funnel 1 x Measuring jug 1 x Instruction manual Display Video","The 2000W steamer can hold 1.8L water. After the heating of 8 min, its steam temp will reach 160°C and pressure will be 5 bar. Even the most stubborn stains will be easily removed. Plus, the steam cleaner has thoughtful design for higher security. The handle comes with a trigger lock, while the tank filler cap also works as a safety valve. With a universal wheel, 2 directional wheels and a carrying handle, the steam cleaner is easy to move or carry. Overall, it supports 30-minute working. But when the pressure gauge indication is 0, you should add more water. If you are looking for a steamer like this, do not hesitate to place an order! High Temp and High Pressure: Fill 1.8L water, the 2000W steam cleaner will offer you a high temperature of 160°C and high steam pressure up to 5 bar. So you could remove diverse stubborn stains on the carpet, floor, window, curtain or even in the corners. Great Designs for Security: The steam mop has a trigger lock on the handle to prevent accidental starts, while its tank filler cap can act as a safety valve to block hot steam. More, it's time to add water when the pressure gauge indication is 0. Quick Heating and Easy to Use: Wait for the steam cleaner to heat up for 8 min, then it can work continuously for 30 min, meaning a large cleaning area up to 108㎡. Plus, the steamer has a 150 cm soft pipe and a 500 cm power cord for a wide motion range. Simple Moving and Portability: The 5 kg rolling steamer features a universal wheel and 2 directional wheels, so it can follow your steps to clean every corner in your home. Besides, it is also designed with a carrying handle, allowing for easy portability. 13 Accessories for Wide Use: The household steamer comes with 13 accessories, including a 360° rotating brush that is able to fully remove tough stains and clean every detail. Overall, daily clean-up will be a piece of cake.","Appliances > Vacuums & Cleaners","72","1","0","0","0","https://www.costway.co.uk/adjustable-steam-cleaner-4-bar-window-carpet-glass-2000w.html?ff=4&fp=2036&utm_source=Dropship&utm_medium=Dropship&utm_campaign=Dropship","http://www.costway.co.uk/media/catalog/product/e/s/es10256de-yw-1_2_.jpg","http://www.costway.co.uk/media/catalog/product/e/s/es10256de-yw-1_2_.jpg","http://www.costway.co.uk/media/catalog/product/e/s/es10256gb-yw_1_.jpg","http://www.costway.co.uk/media/catalog/product/e/s/es10256gb-yw_2_.jpg","http://www.costway.co.uk/media/catalog/product/e/s/es10256gb-yw_4_.jpg","http://www.costway.co.uk/media/catalog/product/e/s/es10256gb-yw_9_.jpg","http://www.costway.co.uk/media/catalog/product/e/s/es10256gb-yw_3_.jpg","http://www.costway.co.uk/media/catalog/product/e/s/es10256gb-yw_5_.jpg","0"
"CM20655","CM20655","64983175","7ft Artificial Pencil Slim Christmas Tree with Metal Stand","39.95","Colour: Green Tree height: 2.1m From the base of stand to the top of the tree Material of stand: Metal Number of tips: 700 tips Weight: Approx. 4.2kg Material: PVC Box Qty:1(May vary by batch)Is Assembly Required: YesPackage includes: 1 x Christmas tree 1 x Stand","This pencil slim unlit Christmas tree with a durable metal base will add a warm, festive feeling to any setting. Quick and easy to assemble, this tree will make Christmas preparation effortless. This 2.1m tree, complete with stand slots together easily. The branches can be fanned out for your desired effect and ornaments can be hung creating a lovely festive feel to your room. If you are looking for a such product, do not hesitate to buy it! High quality Great for any setting Durable metal stand Perfect for both indoor and outside use Realistic green artificial Christmas tree Quick and easy to assemble and dismantle Tree is brand new in the box","Decor > Holiday Decor > Christmas > Christmas Tree","34","1","0","0","0","https://www.costway.co.uk/7ft-210cm-artificial-christmas-tree-for-small-room.html?ff=4&fp=2124&utm_source=Dropship&utm_medium=Dropship&utm_campaign=Dropship","http://www.costway.co.uk/media/catalog/product/1/0/102362.jpg","http://www.costway.co.uk/media/catalog/product/1/0/102360.jpg","http://www.costway.co.uk/media/catalog/product/1/0/102364.jpg","http://www.costway.co.uk/media/catalog/product/1/0/102363.jpg","http://www.costway.co.uk/media/catalog/product/1/0/102365.jpg","http://www.costway.co.uk/media/catalog/product/1/0/102362.jpg","http://www.costway.co.uk/media/catalog/product/1/0/102361.jpg",,"0"
"ES10318GB-BK","ES10318GB-BK","36405829","48 x 27cm Electric Teppanyaki Table Griddle","44.95","Electric standard: 220-240 v~ 50 HZ, 2000 W Size: 48 x 27 cm (L x W) Grill thickness: 2.3 mm Length of wire: 0.9 m Plug: UK standard Material: Non-stick coating Box Qty:1(May vary by batch)Is Assembly Required: YesPackage include: 1 x Electric griddle 6 x Spatulas 2 x Metal rings 1 x Adapter","Electric griddle ideal for cooking chicken, fish, beef, prawns and chopped vegetables. This electric table griddle is perfect to use for dinner parties and barbecue styled meals where guest can cook their food to their own preferences. Foods such as chicken, beef, prawns, fish and chopped vegetables can all cooked on it. If you are looking for such a product, do not hesitate to buy it! CE approved Powerful 2000W for food heated quickly 2 Comfortable handles for carrying and Anti-slip feet for stability Electric plate heats evenly with no cold spots Non-stick coating for easy cleaning Cooks: chicken, beef, prawns, fish and chopped vegetables Great for Dinner parties, camping and caravanning holidays","Kitchen > Cookware & Bakeware","317","1","0","0","0","https://www.costway.co.uk/48x27cm-electric-teppanyaki-table-grill-bbq-hot-plate-2000w.html?ff=4&fp=2169&utm_source=Dropship&utm_medium=Dropship&utm_campaign=Dropship","http://www.costway.co.uk/media/catalog/product/1/0/102329.jpg","http://www.costway.co.uk/media/catalog/product/1/0/102325.jpg","http://www.costway.co.uk/media/catalog/product/1/0/102327.jpg","http://www.costway.co.uk/media/catalog/product/1/0/102329.jpg","http://www.costway.co.uk/media/catalog/product/6/1/61ghcizqvel._ac_sl1200__1.jpg","http://www.costway.co.uk/media/catalog/product/1/0/102326.jpg","http://www.costway.co.uk/media/catalog/product/1/0/102332.jpg","http://www.costway.co.uk/media/catalog/product/1/0/102333.jpg","0"
"CM21705GB","CM21705GB","21497583","1.8m Inflatable Dog Chasing Santa to a Christmas Tree with LED Lights","41.95","Material: 190 T Waterproof Polyester fabric Main Colour: Green Product size: Approx. 125 x 94 x 180 cm(L x W x H) Cable length: Approx. 140 cm G.W.: 1.5 kg N. W.: 1.3 kg Built-In Blower: DC 12 V, 0.8 A, W/ BS Transformer Input Voltage 220 V,50 Hz,0.28 A Output voltage ：12V, 1000MA Box Qty:1(May vary by batch)Is Assembly Required: YesPackage includes： 1 x Inflatable Christmas Tree 1 x Adaptor 2 x Ground stakes 2 x Guy ropes","Christmas is coming and our Santa being chased by a puppy inflatable will add a touch of humour to you decorations for this holiday season.Made from waterproof polyester fabrics, it is suitable for both indoor and outdoor. Supplied with guy ropes and ground stakes. An internal air blower with transformer inflates the item in seconds while deflating the tree takes a few minutes. Once deflated the item can be stored for next year.A comical inflatable for the Christmas season. Great for decorating both gardens and indoors! Internal air-blower inflates steadily and quietly. Made from waterproof, weather-resistant polyester Dog chasing Santa Claus for a comical inflatable Supplied with guy ropes and ground stakes to secure to the ground outside. Sandbags can also be used BS standard plug with an advanced transformer For indoor and outdoor use LED lights offering gentle lighting Requires a standard electrical outlet to inflate and light up. If using outside please ensure the plug is in a weather proof socket.","Decor > Holiday Decor > Christmas > Christmas Inflatables","12","1","0","0","0","https://www.costway.co.uk/1-8m-inflatable-led-dog-chase-santa-to-christmas-tree.html?ff=4&fp=2180&utm_source=Dropship&utm_medium=Dropship&utm_campaign=Dropship","http://www.costway.co.uk/media/catalog/product/_/5/_5__3.png","http://www.costway.co.uk/media/catalog/product/_/4/_4_2.jpg","http://www.costway.co.uk/media/catalog/product/2/_/2_176_3.jpg","http://www.costway.co.uk/media/catalog/product/_/5/_5__3.png","http://www.costway.co.uk/media/catalog/product/6/_/6_151_3.jpg","http://www.costway.co.uk/media/catalog/product/5/_/5_165_3.jpg","http://www.costway.co.uk/media/catalog/product/_/3/_3_1.jpg","http://www.costway.co.uk/media/catalog/product/8/_/8_87_3.jpg","0"
"CB10393WH","HW65685","04351789","Wooden Folding Wall-Mounted Drop Leaf Table-White","44.95","Colour: Brown/ Black Material: P2 MDF (boards), pine (wooden strips), metal (hinges)&nbsp; Maximum weight Capacity: Approx. 20kg Product size: Approx. 80 x 60 x 45 cm (L x W x H) Box Qty:1(May vary by batch)Package size: Approx. 89 x 37 x 9 cm (L x W x H) N.W.: Approx. 8 kg G.W.: Approx. 9 kg Box Qty:1(May vary by batch)Package includes:&nbsp; 1 x Folding table&nbsp; 1 x Instruction manual","The wall-mounted table offers both a drop leaf and complete fold option which makes it versatile. Made from durable, environmentally friendly MDF, the table can support a maximum weight of 20kg and offers long-lasting product use. Designed to either fold flat or in half, the table is ideal when space is limited. Suitable as a breakfast table or a convenient workspace, the table can be fixed to any wall. If you are looking for a table like that, don't hesitate to buy it! Finished in an odourless paint Made from durable eco-friendly MDF for long-lasting product use Durable and environmental-friendly wood Designed to either fold flat or in half Simple design to fit any room Flat packed and easy to assemble following instructions provided The simple design increases the feeling of nature and purity Rounded edges The convenient wall-mounted design allows easy access For use in the study, bedroom, bathroom, kitchen, dining room, or on the balcony Triangular bracket, metal hinges, and screws","Furniture > Home Office > Office Desks","0","0","0","0","0","https://www.costway.co.uk/wooden-folding-wall-mounted-drop-leaf-table-2187.html?ff=4&fp=2181&utm_source=Dropship&utm_medium=Dropship&utm_campaign=Dropship","http://www.costway.co.uk/media/catalog/product/1/_/1_137_51.jpg","http://www.costway.co.uk/media/catalog/product/2/_/2_146_42.jpg","http://www.costway.co.uk/media/catalog/product/1/_/1_137_51.jpg","http://www.costway.co.uk/media/catalog/product/6/_/6_118_42.jpg","http://www.costway.co.uk/media/catalog/product/7/_/7_95_54.jpg","http://www.costway.co.uk/media/catalog/product/8/_/8_60_51.jpg","http://www.costway.co.uk/media/catalog/product/3/_/3_133_54.jpg","http://www.costway.co.uk/media/catalog/product/4/_/4_144_56.jpg","0"
"CM20656","CM20656","75421938","8ft / 2.4m Artificial Pencil Slim Christmas Tree with Metal Stand","45.95","Colour: Green Tree height: 2.4m From the base of stand to the top of the tree Material of stand: Metal Number of tips: 1000 tips Weight: Approx. 6.25kg Material: PVC Box Qty:1(May vary by batch)Is Assembly Required: YesPackage includes: 1 x Christmas tree 1 x Stand","Quick and easy to assemble, this tree will make Christmas preparation effortless. This 2.4mtree, complete with stand slots together easily. The branches can be fanned out for your desired effect and ornaments can be hung creating a lovely festive feel to your room. Stable Metal Base: A metal stand is sturdy enough to support the whole fiber optic Christmas tree, and you can put more decorations on the tree while keeping the tree in a stead condition, besides, there is a plastic cover at the end of this stand to enhance the stability as well as preventing the tree damage your floor or outer box.ECO-Friendly and Durable Material: The blades of our Christmas tree is made from premium PVC material, which not only makes the tree look more real and full but also adds anti-crush capacity to the tree, making it durable for long-term use.Slim and Lush Xmars Tree: If space is limited and you need a great-looking tree our pencil slim pine tree with densely packed and folded branches is your first choice, it requires less space in your room but owns plenty of branches, allowing you to decorate it with more small ornaments.Flexible and Foldable Tree Tips: Each lush artificial Christmas tree in our store has lots of branches with thick leaves, and you can adjust them flexibly, just DIY the branches according to your own needs to achieve the desired effect. Thick or sparse, it's up to you! All the branches can be folded for easy storageSet It Up in Minutes: To finish the assembly of this Xmas tree just requires 3 steps, after putting branches and metal stand together, all the tree requires you to do is straighten out the branches, so the tree will achieve the best effect.","Decor > Holiday Decor > Christmas > Christmas Tree","80","1","0","0","0","https://www.costway.co.uk/8ft-240cm-artificial-christmas-tree-xmas-decoration-trees.html?ff=4&fp=2193&utm_source=Dropship&utm_medium=Dropship&utm_campaign=Dropship","http://www.costway.co.uk/media/catalog/product/1/0/102602.jpg","http://www.costway.co.uk/media/catalog/product/1/0/102600.jpg","http://www.costway.co.uk/media/catalog/product/7/c/7cm20656.jpg","http://www.costway.co.uk/media/catalog/product/1/0/102602.jpg","http://www.costway.co.uk/media/catalog/product/c/m/cm20656_17_.jpg","http://www.costway.co.uk/media/catalog/product/4/c/4cm20656.jpg","http://www.costway.co.uk/media/catalog/product/1/0/102601.jpg","http://www.costway.co.uk/media/catalog/product/1/c/1cm20656.jpg","0"
"TY584778BL","TY584778","76481032","Kids 3 in 1 Ride on Car with Push Handle-Blue","52.95","Colour: Blue Main material: PP&nbsp; Overall dimensions:85 x 46 x 85 cm (L x W x H) Net weight: Approx. 3 KGS Carrying capacity: 23 KGS Battery: 2 x AA battery (not included) Recommended ages: 2-6 years Box Qty:1(May vary by batch)Package includes:&nbsp; 1 x Child's ride on push car 1 x Instruction manual","Your child will be the talk of the town in this stylish car. Used as a pushchair or ride on car by themselves, your youngster will be comfortable during a cruise around the neighbourhood, park or zoo! With a detachable handle and detachable 360 degree safety bar, for when your youngster goes solo, there is also ample under seat storage room for friends, drinks, coats etc. The steering wheel can provide 4 different musical tunes and horn sounds as they drive along. If you are looking for a such product, do not hesitate to buy it! Removable push handle Musical steering wheel function: horn sound and 4 songs Detachable 360° safety guardrail Different functions to grow with your child Cartoon style appearance Solid and durable construction, with a maximum weight capacity of 23kg Storage compartment under the seat, for toys, water bottles, coat, etc. 3 in 1 design to grow with your child","Toys & Hobbies > Ride On Toys > Push & Pedal Ride On Toys","0","0","0","0","0","https://www.costway.co.uk/kids-3-in-1-ride-on-push-along-car-blue.html?ff=4&fp=2211&utm_source=Dropship&utm_medium=Dropship&utm_campaign=Dropship","http://www.costway.co.uk/media/catalog/product/t/y/ty584778bl_3_.jpg","http://www.costway.co.uk/media/catalog/product/t/y/ty584778bl-_.jpg","http://www.costway.co.uk/media/catalog/product/5/_/5_165_22.jpg","http://www.costway.co.uk/media/catalog/product/t/y/ty584778bl_3_.jpg","http://www.costway.co.uk/media/catalog/product/t/y/ty584778bl-_cm_.jpg","http://www.costway.co.uk/media/catalog/product/t/y/ty5847787bl-_2_.jpg","http://www.costway.co.uk/media/catalog/product/t/y/ty584778bl-_1_.jpg","http://www.costway.co.uk/media/catalog/product/9/_/9_69_22.jpg","0"
"TY584778RE","TY584778","76481032","Kids 3 in 1 Ride on Car with Push Handle-Red","49.95","Colour: Red Main material: PP&nbsp; Overall dimensions:85 x 46 x 85 cm (L x W x H) Net weight: Approx. 3 KGS Carrying capacity: 23 KGS Battery: 2 x AA battery (not included) Recommended ages: 2-6 years Box Qty:1(May vary by batch)Package includes:&nbsp; 1 x Child's ride on push car 1 x Instruction manual","Your child will be the talk of the town in this stylish car. Used as a pushchair or ride on car by themselves, your youngster will be comfortable during a cruise around the neighbourhood, park or zoo! With a detachable handle and detachable 360 degree safety bar, for when your youngster goes solo, there is also ample under seat storage room for friends, drinks, coats etc. The steering wheel can provide 4 different musical tunes and horn sounds as they drive along. If you are looking for a such product, do not hesitate to buy it! Removable push handle Musical steering wheel function: horn sound and 4 songs Detachable 360° safety guardrail Different functions to grow with your child Cartoon style appearance Solid and durable construction, with a maximum weight capacity of 23kg Storage compartment under the seat, for toys, water bottles, coat, etc. 3 in 1 design to grow with your child","Toys & Hobbies > Ride On Toys > Push & Pedal Ride On Toys","33","1","0","0","0","https://www.costway.co.uk/kids-3-in-1-ride-on-push-along-car-red.html?ff=4&fp=2212&utm_source=Dropship&utm_medium=Dropship&utm_campaign=Dropship","http://www.costway.co.uk/media/catalog/product/t/y/ty584778re_3_.jpg","http://www.costway.co.uk/media/catalog/product/t/y/ty584778re-_.jpg","http://www.costway.co.uk/media/catalog/product/1/4/14_20_21.jpg","http://www.costway.co.uk/media/catalog/product/t/y/ty584778re_3_.jpg","http://www.costway.co.uk/media/catalog/product/t/y/ty584778re-_cm_.jpg","http://www.costway.co.uk/media/catalog/product/t/y/ty5847787re-_2_.jpg","http://www.costway.co.uk/media/catalog/product/t/y/ty584778re-_1_.jpg","http://www.costway.co.uk/media/catalog/product/1/7/17_17_4.jpg","0"
"OP3650BK","OP3650","89152047","Double Sleeping Bag Extra Large Waterproof with Carrying Bag-Black","39.95","Material: Polyester + cotton Colour: Black &amp; Grey / Blue &amp; Grey Unfold dimension: 220 x 150cm Folding dimension: 43 x 31 x 31cm Pillow Size: 41 x 23cm N.W: About 3kg Box Qty:1(May vary by batch)Package Includes: 1 x Double Sleeping Bag 1 x Carrying Bag 2 x Pillows","This double sleeping bag is designed to guarantee good sleep after a full day of outdoor activities. This extra-large sleeping bag, perfect for couples and families who enjoy camping and love the outdoors, is soft and comfortable. The two-tone sleeping bag, either blue and grey or black and grey, is lightweight and comes with a carry bag. Moreover, it can be used as a large 2 person sleeping bag or separated into 2 singles. A must-have for anyone who enjoys the great outdoors but still enjoys the comfort of a good night's sleep. Do not hesitate to get one! Extra-large 2 person sleeping bag Separates into two separate sleeping bags for individual use When joined as a double the bag has zippers on both sides. Inside phone pocket Crafted from high quality water-resistant 190T polyester, lined with T/R fabric and filled with luxurious cotton Designed for near-freezing temperatures, it can keep you warm and cosy even when it's 0℃- 15℃ Waterproof, weather-resistant design and prevents you from any dampness Comes with two small T/R fabric pillows Perfect for hiking, camping, travelling and more! Included a travel-friendly carrying bag with extra holding straps which makes it quite convenient to store and carry","Outdoor > Camping > Sleeping Bags","26","1","0","0","1","https://www.costway.co.uk/double-sleeping-bag-2-person-waterproof-w-2-pillows.html?ff=4&fp=2224&utm_source=Dropship&utm_medium=Dropship&utm_campaign=Dropship","http://www.costway.co.uk/media/catalog/product/1/2/126_3_8.jpg","http://www.costway.co.uk/media/catalog/product/1/2/128_2_9.jpg","http://www.costway.co.uk/media/catalog/product/1/3/135_16.jpg","http://www.costway.co.uk/media/catalog/product/1/2/126_3_8.jpg","http://www.costway.co.uk/media/catalog/product/1/2/129_2_9.jpg","http://www.costway.co.uk/media/catalog/product/1/3/133_18.jpg","http://www.costway.co.uk/media/catalog/product/1/3/134_16.jpg","http://www.costway.co.uk/media/catalog/product/1/3/131_2_8.jpg","0"
"HW56824","HW56824","12850679","Double Sided ""A"" Frame Blackboard/ Chalkboard Sign","52.95","Colour: As shown Chalkboard: MDF + Melamine Frame: Pine Folding size: 45 x 6 x 80 cm (W x D x H) approx. Unfold size: 45 x 45 x 78 cm (W x D x H) approx. Board size: 37 x 60 cm (L x W ) approx. Gross weight: 4 kg Box Qty:1(May vary by batch)Is Assembly Required: YesPackage include: 1 x Chalkboard","This ""A"" frame sign has double blackboards so that you can create your own signs. This ""A"" frame board offers double sided blackboards. Create your own signs with white or coloured chalks. Great for both inside and outside use, with locking side hinges and non-slip feet. If you are looking for a such product, do not hesitate to buy it! You can write on both sides on each board The ""A"" board design makes for a more stable stand The pine frame has been stained with waterproof staining Suitable for inside and outside use (designs may run in wet weather) For durability, the slot is 3cm wide The chalkboard is made from MDF and Melamine material, which meets E1 European standard Two heavy duty hinges provide extra stability which can be adjusted for different angles Sanded smooth finish","Decor > Decorative Accessories > Outdoor Decor","132","1","0","0","0","https://www.costway.co.uk/a-board-frame-pavement-sign-free-standing-floor-chalkboard.html?ff=4&fp=2244&utm_source=Dropship&utm_medium=Dropship&utm_campaign=Dropship","http://www.costway.co.uk/media/catalog/product/h/w/hw56824-_.jpg","http://www.costway.co.uk/media/catalog/product/h/w/hw56824-_2.jpg","http://www.costway.co.uk/media/catalog/product/h/w/hw56824-_.jpg","http://www.costway.co.uk/media/catalog/product/h/w/hw56824-_1_.jpg","http://www.costway.co.uk/media/catalog/product/h/w/hw56824-_2_1_.jpg","http://www.costway.co.uk/media/catalog/product/h/w/hw56824-__1.jpg",,,"0"
"HW63090WH","HW63090","82071364","Wall Mounted Jewellery Armoire with Mirror and LED Light-White","94.95","Material: MDF Colour: White/Rustic Brown Overall dimension: 37 cm x 10 cm x 120 cm (L X W X H) Net weight: 10 kg Box Qty:1(May vary by batch)Package includes: 1 x Jewellery cabinet 2 x Door hooks 1 x Instruction manual 1 x Pack of accessories","This elegant jewellery cabinet is an ideal gift for anyone! With multiple built-in compartments and a lock, you can store all your favourite accessories in an organised manner, safely. The full-length mirror helps you admire and check your overall appearance. Don't hesitate to add it to your trolley! ● Large Storage Area: The jewellery cabinet has 120 earrings slots, 36 earrings holes, 84 ring slots, 18 hooks, 1 bracelet bar, 4 shelves and 6 drawers that provide you with enough space for your jewellery, cosmetics and other small items ● Safe Storage: The high-quality MDF frame is backed with comforting velvet to help protect your jewellery from damage and scratches. In addition, the door is lockable, so you can safeguard children from potential choking hazards and enables you to choose when to supervise them playing with your jewellery. ● 5 Automatic LED Lamps: This jewellery armoire is equipped with 5 LED lamps supplied from 3 AAA batteries (not included). They automatically light up when the door is opened so that you can see your jewellery better and find the jewellery you need more quickly. ● Beautiful and Practical: This jewellery cabinet is characterized by its beautiful and elegant look and fits almost every style of decor. It is not only a storage cabinet but also a practical mirror in front of which you can adorn yourself. ● 2-Installation Methods: The jewellery cabinet can be attached to the wall with screws or hung with hooks over the door. Thanks to its compact design, it does not take up much space. Choose the optimal installation method to make perfect use of the space.","Furniture > Bedroom > Jewelry Armoires","9","1","0","0","0","https://www.costway.co.uk/wall-mounted-jewellery-armoire-with-mirror-and-led-light.html?ff=4&fp=2247&utm_source=Dropship&utm_medium=Dropship&utm_campaign=Dropship","http://www.costway.co.uk/media/catalog/product/1/_/1_167_3.jpg","http://www.costway.co.uk/media/catalog/product/9/_/9_68_4.jpg","http://www.costway.co.uk/media/catalog/product/7/_/7_126.jpg","http://www.costway.co.uk/media/catalog/product/1/_/1_167_3.jpg","http://www.costway.co.uk/media/catalog/product/1/1/11_55_46.jpg","http://www.costway.co.uk/media/catalog/product/1/0/10_52_4.jpg","http://www.costway.co.uk/media/catalog/product/2/_/2_175_4.jpg","http://www.costway.co.uk/media/catalog/product/6/_/6_150_4.jpg","0"
"HW56825","HW56825","93802541","New Double Sided A Frame- ChalkBoard Sign ","59.95","Colour: As the picture shows The material of board: MDF + Melamine The material of frame: Pine&nbsp; Folding size: 65 x 6 x 100 cm (W x D x H) approx. Unfold size: 60 x 65 x 97 cm(W x D x H) approx. Board size: 59 x 80 cm (L x W ) approx. Gross weight: 6.8 kg Box Qty:1(May vary by batch)Is Assembly Required: YesPackage include:&nbsp; 1 x blackboard","This A-Board sign has double blackboards so that you can create your own signs. This A-board offers double sided blackboards. Create your own signs with white or coloured chalks. Great for both inside and outside use with locking side hinges and non-slip feet. If you are looking for a such product, do not hesitate to buy it! You can write on both sides on each board The A-board design makes for a more stable stand The frame is made from pine that has been waterproofed Suitable for inside and outside use The thickness of the holder is about 3cm, which is more durable The board is made from MDF and Melamine material, which meets E1 European standard Two heavy duty hinges provide extra stability which can be adjusted to satisfy different angles Sanded smooth finish which can reduce glisten effectively","Decor > Decorative Accessories > Outdoor Decor","161","1","0","0","0","https://www.costway.co.uk/a-board-frame-pavement-free-standing-floor-chalkboard.html?ff=4&fp=2254&utm_source=Dropship&utm_medium=Dropship&utm_campaign=Dropship","http://www.costway.co.uk/media/catalog/product/h/w/hw56825-__1.jpg","http://www.costway.co.uk/media/catalog/product/h/w/hw56825-__2.jpg","http://www.costway.co.uk/media/catalog/product/h/w/hw56825-__1.jpg","http://www.costway.co.uk/media/catalog/product/h/w/hw56825-_.jpg","http://www.costway.co.uk/media/catalog/product/h/w/hw56825-__3.jpg","http://www.costway.co.uk/media/catalog/product/h/w/hw56825_8_s.jpg",,,"0"
"CB10344DK","CB10344","23569718","6-tier S-shaped Wooden Industrial Bookshelf-Black","50.95","Colour: Black/ Brown/ White Material: P2 standard particle board Overall dimension: 80 cm x 23 cm x 192 cm (L x W x H) Net weight: 23 kg Weight capacity: 10 kg each panel Box Qty:1(May vary by batch)Package includes: 1 x 6-tier bookcase 1 x Instruction manual","With a visually interesting offset design, this bookcase is a contemporary choice for a modern home. Made from P2 standard particleboard, this contemporary bookcase offers 6 offset shelves, suitable for displays, or storage, with a maximum weight capacity of 10kg each. Ample storage space for books, photos or ornaments, the bookcase is freestanding but for extra security, it can be fixed to the wall or it can create a barrier between rooms. Clean, smooth, offset shelves, easy to keep clean and maintain. Don't hesitate to order now! 6 offset shelves, offers a visual display for the contemporary home Made from P2 standard particleboard, strong enough for heavy books or items up to 10kg per shelf Ample space to store or display books, photos, plants etc. Suitable to be used against the wall or freestanding as a room divider 6 shelves with easy access to items Vertical storage space, requires little floor space Laminated, smooth finish, tactile and easy to clean Easy to assemble with detailed instructions provided","Furniture > Home Office > Bookcases","357","1","1","0","0","https://www.costway.co.uk/6-tiers-s-shape-bookcase-display-unit-bookshelf-black.html?ff=4&fp=2257&utm_source=Dropship&utm_medium=Dropship&utm_campaign=Dropship","http://www.costway.co.uk/media/catalog/product/c/CB10344DK/Wooden_Industrial_Bookshelf-1.jpg","http://www.costway.co.uk/media/catalog/product/c/CB10344DK/Wooden_Industrial_Bookshelf-2.jpg","http://www.costway.co.uk/media/catalog/product/c/CB10344DK/Wooden_Industrial_Bookshelf-1.jpg","http://www.costway.co.uk/media/catalog/product/c/CB10344DK/Wooden_Industrial_Bookshelf-3.jpg","http://www.costway.co.uk/media/catalog/product/c/CB10344DK/Wooden_Industrial_Bookshelf_size-4.jpg","http://www.costway.co.uk/media/catalog/product/c/CB10344DK/Wooden_Industrial_Bookshelf-5.jpg","http://www.costway.co.uk/media/catalog/product/c/CB10344DK/Wooden_Industrial_Bookshelf-6.jpg","http://www.costway.co.uk/media/catalog/product/c/CB10344DK/Wooden_Industrial_Bookshelf-7.jpg","0"
"CB10344WH","CB10344","23569718","6-tier S-shaped Wooden Industrial Bookshelf-White","50.95","Colour: Black/ Brown/ White Material: P2 standard particle board Overall dimension: 80 cm x 23 cm x 192 cm (L x W x H) Net weight: 23 kg Weight capacity: 10 kg each panel Box Qty:1(May vary by batch)Package includes: 1 x 6-tier bookcase 1 x Instruction manual","With a visually interesting offset design, this bookcase is a contemporary choice for a modern home. Made from P2 standard particleboard, this contemporary bookcase offers 6 offset shelves, suitable for displays, or storage, with a maximum weight capacity of 10kg each. Ample storage space for books, photos or ornaments, the bookcase is freestanding but for extra security, it can be fixed to the wall or it can create a barrier between rooms. Clean, smooth, offset shelves, easy to keep clean and maintain. Don't hesitate to order now! 6 offset shelves, offers a visual display for the contemporary home Made from P2 standard particleboard, strong enough for heavy books or items up to 10kg per shelf Ample space to store or display books, photos, plants etc. Suitable to be used against the wall or freestanding as a room divider 6 shelves with easy access to items Vertical storage space, requires little floor space Laminated, smooth finish, tactile and easy to clean Easy to assemble with detailed instructions provided","Furniture > Home Office > Bookcases","408","1","1","0","0","https://www.costway.co.uk/6-tiers-s-shape-bookcase-display-unit-bookshelf-white.html?ff=4&fp=2258&utm_source=Dropship&utm_medium=Dropship&utm_campaign=Dropship","http://www.costway.co.uk/media/catalog/product/c/CB10344WH/Wooden_Industrial_Bookshelf-1.jpg","http://www.costway.co.uk/media/catalog/product/c/CB10344WH/Wooden_Industrial_Bookshelf-1.jpg","http://www.costway.co.uk/media/catalog/product/c/CB10344WH/Wooden_Industrial_Bookshelf-2.jpg","http://www.costway.co.uk/media/catalog/product/c/CB10344WH/Wooden_Industrial_Bookshelf-3.jpg","http://www.costway.co.uk/media/catalog/product/c/CB10344WH/Wooden_Industrial_Bookshelf_size-4.jpg","http://www.costway.co.uk/media/catalog/product/c/CB10344WH/Wooden_Industrial_Bookshelf-5.jpg","http://www.costway.co.uk/media/catalog/product/c/CB10344WH/Wooden_Industrial_Bookshelf-6.jpg","http://www.costway.co.uk/media/catalog/product/c/CB10344WH/Wooden_Industrial_Bookshelf-7.jpg","0"
"BA7397","BA7397","19374805","White Laundry Bin with Lid and Side Handles","44.95","Material: MDF Colour: White Size: 27 x 27 x 61cm ( L*W*H ) height 87cm with lid open G.W.: Approx. 7.6 kg N.W.: Approx. 6.8 kg Box Qty:1(May vary by batch) Is Assembly Required: Yes Package includes:&nbsp; 1 x Laundry bin 1 x Instruction manual","This large laundry bin is indispensable in your bedroom or bathroom. Featuring an elegant white finish, this laundry bin will blend in with your traditional or modern decor. Give You A Tidy Home: Still fretting about the ubiquitous laundry in your room? Still struggling to find dirty socks when you want to wash your clothes? Just buy this laundry cabinet which can help you to solve the collection problem of dirty clothes. You Worth the Best: Fine furniture can also graced the room. This laundry cabinet has an exquisite craft with white painted surface. The simple but fashion appearance makes it suitable for almost all decoration styles. Scientific Frame Design: There is a liftable lid in the laundry cabinet which can easily open and close. With such special design, this luandry bin lid can play the role of dust protection. It can protects your clothing from being soiled again. Save Your Strength: We start from the customer's point that it will take a lot of effort to move dirty clothes every time. There are two-side built-in holes for convenient shifting position in this laundry chest. Ideal for Long Time Use: High quality is what we pursue and satisfying consumers is what we promise. We use high-quality MDF as main materials for this laundry storage cupboard which enables it for long time daily use.","Bath > Laundry Baskets","74","1","0","0","1","https://www.costway.co.uk/wooden-laundry-cabinet-white-storage-cupboard-bin-home-furniture.html?ff=4&fp=2294&utm_source=Dropship&utm_medium=Dropship&utm_campaign=Dropship","http://www.costway.co.uk/media/catalog/product/2/6/26_4_1.jpg","http://www.costway.co.uk/media/catalog/product/2/2/22_5_5.jpg","http://www.costway.co.uk/media/catalog/product/2/6/26_4_1.jpg","http://www.costway.co.uk/media/catalog/product/2/3/23_6_3.jpg","http://www.costway.co.uk/media/catalog/product/2/4/24_5_5.jpg","http://www.costway.co.uk/media/catalog/product/2/5/25_5_3.jpg",,,"0"
"HW56103BK","HW56103","16745023","12 Wire Cube Storage Unit-Black","37.95","Colour: Black Materials: Metal wire grids; ABS connectors; Wooden mallet Weight capacity of single cube: Approx. 15 kg Each panel size: 35 x 35cm (L x W) G.W.: 8.2 kg N.W.: 7.7 kg Box Qty:1(May vary by batch)Package size: 42 x 37 x 19 cm (L x W x H) Box Qty:1(May vary by batch)Package includes: 43 x Wire grid panel 42 x Plastic connectors 1 x Wooden mallet 1x Instruction manual Note: 1. All dimensions are measured manually with a possible deviation of 1-2 cm 2. Please do not put fragile or heavy items in the higher cubes 3. Don't let children play on the item","These 12 storage cubes can be arranged in a variety of ways allowing you to design a unit ideal for the space available. Not only is the unit simple, stylish, and pretty, but it also offers great storage space. The open wire construction allows you to find what you want at a glance and with the ABS connectors, it can be quickly assembled or dismantled. The cubes can be combined to create a large unit or combined to create a number of smaller units, creating storage space to suit the space available. Ideal for bedrooms, playrooms cloakroom, etc. If you are looking for a cube storage unit like this, do not hesitate to place an order! Multipurpose Storage Solution: This versatile 12-cube wire storage organizer features a simple modern style that blends well into your living room, bedroom, study room and office. It works perfectly as a bookshelf, shoe rack, or closet organizer to meet your different storage needs.Free Combination for Flexibility: Unlike traditional storage shelves limited by a single shape, our storage organizer features multiple cubes that are interlocking, stackable and expandable, so you can do it yourself to combine them into different shapes as needed, or use them separately to fit a limited space.Large-Capacity Storage Space: Designed with 12 cubes for storage, 43 L capacity per cube, this wire grid storage organizer provides ample storage space to hold your various items, such as books, clothes, shoes, bags, toys, decorations and more, keeping your room tidy and organized.Robust and Stable Construction: This metal storage organizer is made of powder-coated metal wire panels which prevent rust and wear for long-lasting durability. Besides, durable ABS plastic connectors are designed to secure the whole structure firmly for more stability. Each cube holds up to 15 kg.Hassle-free Installation: Simple modular structure makes this wire cube storage organizer easy to assemble and disassemble. With the help of the mallet (included in the package) and the detailed instruction, you can easily install the whole unit, or create different blocks to fit different spaces.","Furniture > Bedroom > Clothing & Closet Storage","272","1","0","0","1","https://www.costway.co.uk/12-cube-storage-shelf-rack-diy-wire-grid-bookcase-black.html?ff=4&fp=2297&utm_source=Dropship&utm_medium=Dropship&utm_campaign=Dropship","http://www.costway.co.uk/media/catalog/product/h/HW56103/Wire_Cube_Storage_Unit-1.jpg","http://www.costway.co.uk/media/catalog/product/h/HW56103/Wire_Cube_Storage_Unit-2.jpg","http://www.costway.co.uk/media/catalog/product/h/HW56103/Wire_Cube_Storage_Unit-7.jpg","http://www.costway.co.uk/media/catalog/product/h/HW56103/Wire_Cube_Storage_Unit-1.jpg","http://www.costway.co.uk/media/catalog/product/h/HW56103/Wire_Cube_Storage_Unit-9.jpg","http://www.costway.co.uk/media/catalog/product/h/HW56103/Wire_Cube_Storage_Unit_size-4.jpg","http://www.costway.co.uk/media/catalog/product/h/HW56103/Wire_Cube_Storage_Unit-8.jpg","http://www.costway.co.uk/media/catalog/product/h/HW56103/Wire_Cube_Storage_Unit-3.jpg","0"
"SP36558RE","SP36558","75903241","Lightweight Aluminium Folding Walking Mobility Aid With 4 Wheels-Red","94.95","Colour: Red Material: Aluminum, PP, PVC, nylon Seat weight capacity: 136kg Bag weight capacity: 5kg Wheel size: φ20 cm Seat size: 25 cm x 46 cm (W x D) Seat height (seat to floor): 54 cm Handle height adjustments (handle to floor): 80-93 cm Net weight: 8 kg Gross weight: 10 kg Assembled size (open): About 61 cm x 78 cm x 80-93 cm(W x D x H) Assembled size (folded): 22 cm x 65 cm x 47 cm(W x D x H) Box Qty:1(May vary by batch)Package size: 71 cm x 37 cm x 32 cm(L x W x H) Box Qty:1(May vary by batch)Package includes: 1 x Folding rollator walker 1 x Instruction manual","The rollator walker is equipped with a removable storage bag and a cane holder for your personal accessories to keep your hands free. If you are looking for a rollator walker like this, do not hesitate to place an order! ● Ultra-Compact Design: The unique cross-brace design allows for side-to-side folding, allows you to adjust the width of the rollator to add stability. It can make you go through narrow spaces. The front wheels and rear legs can be easily folded, allowing you to put your rollator in the travel case, car trunk, or cabinet. ● Strong and Lightweight Construction: Made of strong, lightweight aluminium, the folding rollator Walker is durable and sturdy enough to support up to 300lbs weight capacity which meets the requirement of public use. Lightweight design 18 lbs for easy transport. ● Safely Store All of Your Belongings: The rollator Walker comes with a removable storage bag and a cane holder for your personal accessories to keep your hands free to add convenience. Neatly store your wallet, laptop, drinks, cane, and snacks. ● Wide Seat and Sturdy Backrest: The wide seat provides more space for you. With the support of thickened, soft, and strong belt you can relax completely. Height-adjustable and versatile backrest, adjustable 6 level heights for legs provide you to find the perfect fit. ● Dual Braking System: Ergonomic handgrips are accompanied by an easy-to-use braking system that can be locked when you do not want the walker to roll. Extra Large 8 inch wheels give you reliable stability for more confidence and security when walking indoors or outdoors.","Health & Beauty > Health Care > Walkers & Rollators","160","1","0","0","0","https://www.costway.co.uk/foldable-safety-mobility-aid-wheelchair-aluminum-w-seat-4-wheel-red.html?ff=4&fp=2299&utm_source=Dropship&utm_medium=Dropship&utm_campaign=Dropship","http://www.costway.co.uk/media/catalog/product/s/p/sp36558re-3_1.jpg","http://www.costway.co.uk/media/catalog/product/s/p/sp36558re-1_1.jpg","http://www.costway.co.uk/media/catalog/product/s/p/sp36558re-5_1.jpg","http://www.costway.co.uk/media/catalog/product/s/p/sp36558re-3_1.jpg","http://www.costway.co.uk/media/catalog/product/s/p/sp36558re-4_1.jpg","http://www.costway.co.uk/media/catalog/product/s/p/sp36558re-2_1.jpg","http://www.costway.co.uk/media/catalog/product/s/p/sp36558re-6_1.jpg","http://www.costway.co.uk/media/catalog/product/s/p/sp36558re-7_1.jpg","0"
